species,ab,ap,am,d_V,Wwb,Wwbjx,Wwp,Wwi,Ri,T_typical,metamorphosis,weaning,p_Am,kap,v,p_M,E_G,h_a,E_Hb,E_Hbjx,E_Hp
Oryzias_latipes,6.960445e+00,3.470897e+01,3.042667e+03,2.000000e-01,6.500000e-04,2.746250e-02,1.780000e-01,8.000000e-01,6.193875e+01,2.991500e+02,True,False,1.460752e+02,4.705100e-01,1.055600e-02,3.639773e+02,5.208755e+03,3.281000e-08,1.318000e+00,4.975000e+01,7.155000e+02
Ophiura_ophiura,5.243240e+00,1.919026e+03,2.870674e+03,9.000000e-02,5.236000e-07,9.535590e-06,1.777778e-02,1.186778e+01,3.356703e+02,2.831500e+02,True,False,4.903733e+00,9.000000e-01,6.507700e-02,3.383700e+00,2.357606e+03,1.174000e-06,1.467000e-04,6.911000e-04,4.698000e+00
Tachyglossus_aculeatus,1.195804e+01,6.634038e+02,6.514457e+03,3.000000e-01,3.800000e-01,1.500000e+03,3.800000e+03,3.800000e+03,7.675236e-03,3.046500e+02,False,False,1.356882e+03,9.992700e-01,4.969600e-02,1.440048e+02,7.822994e+03,2.385000e-12,4.372000e-01,6.022000e+03,4.271000e+04
Galeopterus_variegatus,4.703728e+01,2.514979e+02,1.431224e+03,3.000000e-01,3.500000e+01,3.500000e+01,1.300000e+03,1.750000e+03,6.866096e-02,3.101500e+02,False,True,2.746939e+02,7.167700e-01,2.561000e-02,2.283260e+01,7.859151e+03,6.275600e-13,4.724749e+04,3.410104e+05,2.179788e+06
Necturus_maculosus,6.000000e+01,3.576393e+03,1.992623e+04,2.800000e-01,8.710000e-02,8.710000e-02,1.000000e+02,4.530000e+02,1.160280e-01,2.881500e+02,False,False,1.997983e+02,9.582600e-01,2.087300e-02,2.571020e+01,7.316246e+03,3.316000e-09,1.294000e+01,1.294000e+01,1.941000e+04
Amblyopsis_spelaea,3.270315e+02,2.824363e+03,7.115737e+03,2.000000e-01,5.200000e-03,5.200000e-03,1.700000e+00,6.900000e+00,9.837351e-02,2.861500e+02,False,False,4.598062e+01,9.019400e-01,2.183400e-02,2.414940e+01,5.223227e+03,5.117000e-08,2.072000e+00,2.072000e+00,9.235000e+02
Dipodomys_stephensi,2.434539e+01,4.484747e+01,7.933072e+02,3.000000e-01,7.000000e+00,7.000000e+00,5.500000e+01,6.500000e+01,1.222729e-01,3.101500e+02,False,True,5.978847e+03,9.305600e-01,3.545200e-02,4.148901e+03,7.852485e+03,8.141000e-12,1.442000e+03,1.859000e+04,1.513000e+05
Pogona_barbata,3.085593e+01,2.639142e+02,2.181186e+03,3.000000e-01,2.810000e+00,2.810000e+00,5.670000e+01,7.180000e+02,4.133302e-01,3.081500e+02,False,False,3.261758e+03,9.306100e-01,5.011500e-02,7.449078e+02,7.847925e+03,1.527000e-09,3.356000e+02,6.230000e+02,7.107000e+04
Chologaster_cornuta,3.567616e+01,5.113583e+02,7.115737e+03,2.000000e-01,5.200000e-04,5.200000e-04,4.600000e-01,1.700000e+00,1.377229e-01,2.861500e+02,False,False,4.998713e+02,9.931200e-01,2.171300e-02,7.633660e+02,5.229249e+03,1.946000e-08,3.944000e-03,3.944000e-03,1.839000e+01
Pangasianodon_hypophthalmus,4.641682e-01,6.324294e+02,5.055722e+03,2.000000e-01,7.000000e-04,7.000000e-04,3.000000e+03,4.400000e+04,5.821956e+05,2.971500e+02,True,False,1.119505e+03,4.500000e-01,1.002800e-01,2.793160e+01,5.224092e+03,2.240000e-10,1.212000e+00,2.791000e+00,8.017000e+06
Baikaiobia_guttata,1.738456e+02,5.286325e+02,2.589945e+03,7.000000e-02,9.400000e-04,9.400000e-04,3.600000e-02,2.800000e-01,3.088869e-03,2.931500e+02,True,False,7.953393e+01,9.938500e-01,1.735300e-02,3.503293e+02,1.828986e+03,6.374000e-06,4.922000e-03,4.199000e-02,3.149000e-01
Isurus_oxyrinchus,2.911215e+02,4.091753e+03,6.756679e+03,2.000000e-01,2.000000e+03,2.000000e+03,2.000000e+05,5.058000e+05,1.821559e-02,2.991500e+02,False,False,8.127857e+02,8.727800e-01,2.165200e-02,1.885930e+01,5.227650e+03,9.015000e-10,2.228000e+05,2.228000e+05,3.735000e+07
Forbesichthys_agassizii,5.946027e+01,5.351424e+02,7.115737e+03,2.000000e-01,2.800000e-03,2.800000e-03,5.200000e-01,3.700000e+00,2.136110e-01,2.861500e+02,False,False,2.123106e+02,9.488200e-01,2.431100e-02,1.855435e+02,5.226597e+03,2.902000e-08,3.129000e-01,3.129000e-01,1.256000e+02
Lota_lota,1.819363e+02,3.028231e+03,1.423147e+04,2.000000e-01,5.200000e-04,5.200000e-04,3.200000e+02,3.400000e+04,1.826937e+03,2.861500e+02,True,False,6.088788e+02,9.401400e-01,1.980600e-02,8.253880e+01,5.217667e+03,2.857000e-08,2.791000e-02,3.532000e-01,3.444000e+04
Perna_canaliculus,5.665630e+00,1.946224e+02,1.075477e+04,9.000000e-02,6.298945e-07,2.000000e-05,1.666667e+00,3.888889e+02,1.859639e+05,2.881500e+02,True,False,3.280993e+01,8.575600e-01,1.359100e-02,2.658900e+01,3.555621e+03,3.083000e-09,6.694000e-05,5.684000e-03,2.801000e+02
Deania_calceus,2.258862e+03,2.213554e+04,5.565469e+04,2.000000e-01,8.730000e+01,8.730000e+01,4.800000e+03,6.600000e+03,6.715047e-03,2.781500e+02,False,False,7.149429e+02,7.070300e-01,7.392500e-02,3.758680e+01,5.219922e+03,3.080000e-08,7.776000e+04,7.776000e+04,7.274000e+06
Heteronotia_binoei_3N1A,3.090354e+01,5.560351e+01,5.475000e+03,3.000000e-01,1.817239e-01,1.817239e-01,1.295577e+00,3.831962e+00,3.322151e-02,2.991500e+02,False,False,5.018636e+01,9.137500e-01,8.164400e-03,3.795860e+01,7.904216e+03,3.848000e-09,9.364000e+01,9.364000e+01,7.479000e+02
Ruditapes_philippinarum,1.799879e+00,3.647999e+02,8.594417e+03,9.000000e-02,2.555556e-08,1.111111e-04,4.777778e-01,1.088889e+01,5.084831e+03,2.881500e+02,True,False,3.432868e+00,9.916600e-01,5.821200e-03,1.110790e+01,2.357883e+03,3.054000e-09,4.482000e-07,1.341000e-04,8.885000e+00
Brachidontes_pharaonis,1.100000e+00,1.831000e+02,1.460000e+03,9.000000e-02,2.053401e-08,4.051198e-06,8.400000e-02,1.545600e+00,1.208408e+03,2.931500e+02,True,False,8.202124e+00,9.830000e-01,1.868000e-02,1.424000e+01,2.478000e+03,4.156000e-08,3.938000e-06,3.310000e-05,2.163000e+00
Pomatoschistus_minutus,2.130893e+01,7.733130e+02,1.504008e+03,2.000000e-01,2.771000e-04,2.771000e-04,4.000000e-01,5.720000e+00,6.795176e+00,2.831500e+02,False,False,2.641486e+02,8.716900e-01,2.000000e-02,2.026899e+02,5.143157e+03,5.865000e-06,6.169000e-02,6.169000e-02,1.752000e+02
Tiliqua_rugosa,1.092657e+02,4.332271e+02,5.926072e+03,3.000000e-01,9.900000e+01,9.900000e+01,1.800000e+02,7.170000e+02,3.094757e-03,2.981500e+02,False,False,5.249409e+02,9.138300e-01,7.102700e-02,6.595720e+01,7.771442e+03,5.404000e-10,4.740000e+04,4.740000e+04,1.953000e+05
Hydrochoerus_hydrochaeris,1.581192e+02,2.801132e+02,1.216607e+03,3.000000e-01,1.500000e+03,1.500000e+03,4.000000e+04,9.100000e+04,9.863500e-02,3.102500e+02,False,True,1.245327e+03,9.381900e-01,5.927500e-01,2.690440e+01,7.796017e+03,2.578100e-22,5.812392e+05,1.092375e+06,3.792593e+07
Gopherus_agassizii,4.796528e+01,3.857071e+03,1.587497e+04,3.000000e-01,2.750000e+01,2.750000e+01,1.229000e+03,2.473000e+03,3.164731e-02,2.971500e+02,False,False,9.198365e+01,5.274500e-01,4.085200e-02,3.823500e+00,7.861172e+03,3.649000e-11,1.401000e+05,1.401000e+05,1.204000e+07
Milnesium_tardigradum,7.000000e+00,3.100000e+01,9.000000e+02,7.000000e-02,4.250000e-07,4.250000e-07,4.370000e-06,5.310000e-05,1.375000e-01,2.931500e+02,True,False,1.426653e+00,9.305000e-01,5.628000e-03,4.013000e+01,1.806000e+03,3.425000e-08,5.881000e-05,7.921000e-05,3.561000e-04
Micropterus_dolomieu,3.163838e+00,4.619204e+02,6.004965e+03,2.000000e-01,3.820000e-04,3.820000e-04,1.750000e+02,5.400000e+03,9.135773e+01,2.981500e+02,True,False,2.095235e+02,9.979000e-01,1.411100e-02,1.875760e+01,5.222485e+03,9.992000e-10,8.192000e-04,8.193000e-04,6.408000e+02
Egernia_striolata,3.287032e+01,3.042696e+02,7.153308e+03,3.000000e-01,3.028000e+00,3.028000e+00,2.696347e+01,4.645970e+01,1.397955e-02,2.981500e+02,False,False,1.643588e+02,5.949000e-01,1.434600e-02,3.404730e+01,7.728243e+03,5.744000e-10,8.264000e+03,8.264000e+03,1.037000e+05
Ichthyophis_kohtaoensis,5.688562e+01,6.105723e+02,2.768433e+03,2.800000e-01,1.900000e+00,1.900000e+01,4.400000e+01,3.560000e+02,1.697711e-01,2.961500e+02,False,False,1.690229e+02,7.136300e-01,2.606800e-02,2.098940e+01,7.318445e+03,8.446000e-09,2.616000e+03,3.082000e+04,8.119000e+04
Balaenoptera_musculus,1.477218e+02,5.566431e+02,8.996267e+03,3.000000e-01,2.750000e+06,1.700000e+07,6.900000e+07,1.600000e+08,4.890918e-03,3.101500e+02,False,True,6.380108e+03,9.783800e-01,1.907000e-01,2.118730e+01,7.838025e+03,9.883000e-14,9.104000e+07,2.572000e+08,3.024000e+09
Pelophylax_bedriagae,6.649357e+00,6.134031e+02,3.640523e+03,2.800000e-01,6.300000e-03,7.000000e-01,2.000000e+01,1.080000e+02,1.648115e+01,2.951500e+02,False,False,1.249999e+02,6.165300e-01,8.111200e-02,1.733460e+01,7.324523e+03,1.596000e-09,2.247000e+01,2.679000e+03,7.951000e+04
Rattus_norvegicus,9.346229e+00,1.875702e+01,1.472116e+03,3.000000e-01,7.000000e+00,7.000000e+00,1.518000e+02,8.200000e+02,4.478858e-01,3.101500e+02,False,True,4.414311e+03,9.712800e-01,3.051300e-02,1.288205e+03,7.841834e+03,7.781000e-20,2.773000e+02,3.305000e+03,2.061000e+04
Moina_micrura,6.404136e-01,1.589565e+00,3.796606e+00,1.700000e-01,2.823529e-06,2.823529e-06,8.235294e-06,2.205882e-05,3.409624e+00,2.981500e+02,False,False,2.665575e+02,7.263500e-01,2.808400e-02,1.056153e+04,4.450561e+03,3.270000e-03,2.615000e-03,2.615000e-03,2.073000e-02
Chromis_chromis,4.405199e+00,6.067538e+02,3.285000e+03,2.000000e-01,3.490206e-04,1.829203e-02,7.850000e+00,2.292000e+01,2.000000e+02,2.951500e+02,True,False,4.383932e+01,8.885900e-01,3.527500e-02,3.054350e+01,5.204230e+03,6.876000e-09,4.375000e-02,7.261000e-01,6.676000e+03
Claudius_angustatus,6.011293e+01,9.440507e+02,2.846280e+03,3.000000e-01,3.800000e+00,3.800000e+00,1.185000e+02,4.000000e+02,3.393904e-02,3.011500e+02,False,False,5.079112e+01,8.674500e-01,4.379700e-02,6.367700e+00,7.863812e+03,3.786000e-10,3.742000e+03,3.742000e+03,2.097000e+05
Porcellio_scaber,3.500000e+01,4.350000e+02,1.500000e+03,1.700000e-01,4.000000e-04,4.000000e-04,5.000000e-02,8.340000e-02,2.600000e-01,2.931500e+02,False,False,3.471825e+01,8.443800e-01,2.356000e-02,7.529510e+01,4.437018e+03,2.087000e-08,2.816000e-01,2.816000e-01,9.433000e+01
Amphiura_filiformis,3.537313e+00,3.964987e+03,3.304156e+04,9.000000e-02,5.236000e-07,8.229094e-03,4.775600e+00,5.846500e+00,5.022548e+02,2.841500e+02,True,False,1.439180e+01,9.914600e-01,3.039900e-02,4.150950e+01,2.347901e+03,3.000000e-09,8.849000e-06,1.268000e-03,1.770000e+02
Boops_boops,4.824738e+00,6.561643e+02,3.522059e+03,2.000000e-01,5.240000e-04,5.240000e-04,4.450000e+01,2.160000e+02,3.564961e+02,2.911500e+02,True,False,2.975525e+02,7.885400e-01,6.279000e-02,4.939830e+01,5.221437e+03,2.236000e-08,3.018000e-01,3.021000e-01,5.848000e+04
Siren_lacertina,7.237107e+01,9.528857e+02,1.100643e+04,2.800000e-01,4.487916e-03,4.487916e-03,1.420000e+01,1.000000e+03,3.179958e+00,2.911500e+02,False,False,3.865523e+02,9.531000e-01,1.211300e-02,6.451790e+01,7.301684e+03,4.651000e-09,1.150000e+00,1.150000e+00,1.781000e+03
Oryctolagus_cuniculus_NZW,5.982919e+00,3.789181e+01,6.239328e+02,3.000000e-01,5.356667e+01,5.356667e+01,2.720000e+03,5.000000e+03,4.688005e-01,3.121500e+02,False,True,1.017491e+04,7.846300e-01,3.802500e-02,1.575563e+03,7.829315e+03,1.669000e-14,7.247000e+04,1.757000e+06,5.292000e+06
Sceloporus_undulatus,2.597660e+01,5.810443e+01,1.795381e+03,3.000000e-01,5.600000e-01,5.600000e-01,6.900000e+00,1.800000e+01,1.706279e-01,2.971500e+02,False,False,5.415735e+02,5.573700e-01,1.257800e-02,2.178685e+02,7.833532e+03,5.781000e-09,9.290000e+02,9.290000e+02,2.480000e+04
Macropus_rufus,3.504931e+01,1.309074e+02,1.955862e+03,3.000000e-01,8.170000e-01,4.500000e+03,1.400000e+04,3.500000e+04,1.656558e-02,3.094500e+02,False,True,6.949204e+02,8.327000e-01,9.691000e-02,2.242000e+01,7.163000e+03,6.379000e-17,5.916000e+02,4.028000e+06,1.377000e+07
Bos_primigenius_Angus,1.978371e+02,2.580961e+02,1.289582e+03,3.000000e-01,3.180000e+04,1.987000e+05,2.350000e+05,4.600000e+05,1.475861e-02,3.117500e+02,False,True,2.112856e+03,9.569600e-01,1.272100e-01,3.638750e+01,7.782354e+03,1.245500e-12,4.623567e+06,3.223556e+07,4.537367e+07
Planorbis_planorbis,1.250000e+01,6.000000e+01,2.100000e+02,1.500000e-01,6.117000e-05,8.800000e-03,1.216000e-01,4.336000e-01,1.000000e+01,2.931500e+02,True,False,8.358020e+01,9.631000e-01,1.730000e-02,7.659000e+02,3.919000e+03,2.806000e-06,5.026000e-03,1.036000e+00,2.513000e+01
Calotriton_asper,9.857291e+01,3.926138e+03,2.487917e+04,2.800000e-01,4.020000e-02,4.788260e-02,3.670000e+00,1.400000e+01,2.612627e-02,2.831500e+02,False,False,8.690360e+01,8.481100e-01,1.131100e-01,3.119870e+01,7.306736e+03,1.872000e-09,4.541000e+01,3.878000e+02,5.680000e+03
Galeocerdo_cuvier,2.911215e+02,1.769145e+03,5.764292e+03,2.000000e-01,9.290000e+02,9.290000e+02,1.590000e+05,1.144000e+06,2.368027e-02,2.991500e+02,False,False,9.539094e+02,9.769000e-01,2.173000e-02,1.974230e+01,5.221196e+03,1.815000e-09,1.497000e+04,1.497000e+04,3.103000e+06
Engraulis_encrasicolus,6.727388e+00,5.215647e+02,4.134504e+03,2.000000e-01,1.207863e-05,9.498906e-01,4.740312e+00,4.386146e+01,5.038684e+02,2.881500e+02,True,False,1.113720e+01,9.901000e-01,1.944000e-02,5.467000e+01,5.077000e+03,8.464000e-08,1.223000e-04,6.741000e-01,2.440000e+02
Esox_lucius,2.887269e+01,1.944440e+03,1.296293e+04,2.000000e-01,4.800000e-03,4.800000e-03,9.080000e+02,2.460000e+04,1.542861e+02,2.851500e+02,False,False,8.050561e+02,9.281600e-01,2.321700e-02,5.176990e+01,5.230260e+03,3.822000e-08,2.359000e-01,2.359000e-01,9.183000e+04
Pagurus_bernhardus,1.169902e+03,2.126794e+03,3.827565e+03,1.700000e-01,1.800000e-05,1.000000e-02,5.000000e+00,5.400000e+01,6.270305e-01,2.831500e+02,True,False,3.868353e+01,9.999000e-01,2.051500e-02,9.423950e+01,4.400000e+03,4.945000e-07,5.814000e-06,3.228000e-03,2.621000e+00
Ictalurus_furcatus_JR,4.762540e+00,3.297555e+03,1.175997e+04,2.000000e-01,6.187836e-02,6.187836e-02,3.980000e+02,2.572500e+04,2.545074e+02,2.931500e+02,True,False,2.631498e+02,6.716100e-01,3.487100e-02,1.476290e+01,6.967620e+03,4.151000e-09,3.319000e+01,2.492000e+02,1.467000e+06
Carcharias_taurus,2.892414e+01,1.295801e+03,2.533755e+03,2.000000e-01,9.200000e+00,9.200000e+00,8.166000e+04,2.690000e+05,4.736055e+00,2.991500e+02,False,False,1.228548e+03,9.245500e-01,5.600500e-02,3.294260e+01,5.222046e+03,6.058000e-09,7.431000e+02,7.431000e+02,1.685000e+07
Xantusia_vigilis,5.694909e+01,1.334449e+03,3.978500e+03,3.000000e-01,2.300000e-01,2.300000e-01,9.500000e-01,1.300000e+00,5.479452e-03,2.931500e+02,False,False,6.425039e+01,4.118600e-01,1.789700e-02,2.687060e+01,7.828979e+03,4.052000e-09,1.812000e+03,1.812000e+03,1.517000e+04
Trachurus_trachurus,2.155796e+01,6.018147e+02,2.407259e+04,2.000000e-01,1.000000e-03,1.000000e-03,9.100000e+01,1.178000e+03,2.326297e+02,2.881500e+02,True,False,1.959727e+02,9.388000e-01,4.962000e-02,4.333000e+01,5.109000e+03,5.102000e-10,1.196000e-01,1.179000e+00,1.837000e+04
Ursus_maritimus,2.174002e+02,5.832903e+02,3.575745e+03,3.000000e-01,6.650000e+02,1.020000e+05,1.540000e+05,1.850000e+05,1.170479e-02,3.099500e+02,False,True,1.225729e+03,9.309500e-01,7.666000e-02,3.063680e+01,7.830453e+03,2.606000e-15,1.431000e+05,3.327000e+07,5.656000e+07
Setonix_brachyurus,2.670979e+01,6.759786e+01,9.361508e+02,3.000000e-01,4.040000e-01,7.260000e+02,1.332000e+03,5.000000e+03,2.063770e-02,3.101500e+02,False,True,4.862859e+02,8.766900e-01,3.761400e-02,3.417630e+01,7.830467e+03,1.475100e-12,1.565699e+02,4.083100e+05,7.502960e+05
Alle_alle,8.670974e+00,1.230121e+01,7.805677e+02,2.800000e-01,2.150000e+01,2.150000e+01,1.400000e+02,1.635000e+02,2.075413e-02,3.138500e+02,False,False,9.911631e+03,9.953700e-01,2.649200e-02,6.827502e+03,7.323246e+03,5.151000e-14,3.167000e+02,3.167000e+02,7.881000e+03
Caretta_caretta,2.761787e+01,5.683103e+03,2.105097e+04,3.000000e-01,1.941000e+01,1.941000e+01,7.900000e+04,1.626200e+05,8.911702e-01,2.931500e+02,False,False,7.472709e+02,7.285600e-01,6.807400e-02,1.120050e+01,7.322000e+03,1.112000e-10,2.535000e+04,2.535000e+04,9.875000e+07
Bos_primigenius_Brahman,5.580370e+01,1.420337e+02,1.247866e+03,3.000000e-01,3.120000e+04,2.165000e+05,3.040000e+05,7.000000e+05,1.412662e-02,3.121500e+02,False,True,1.618308e+03,9.443900e-01,1.053400e-01,2.493850e+01,7.836059e+03,4.796900e-12,6.966395e+06,3.400270e+07,6.312538e+07
Mytilopsis_sallei,1.745599e-01,2.094719e+01,4.684098e+02,9.000000e-02,1.131000e-07,2.732986e-07,1.100000e-02,3.194000e-01,9.024651e+01,3.001500e+02,True,False,7.146776e+00,9.991800e-01,8.286700e-02,4.944890e+01,2.348227e+03,3.164000e-08,1.952000e-07,2.153000e-05,2.315000e-02
Phascolarctos_cinereus,3.930777e+01,1.510772e+02,1.117694e+03,3.000000e-01,5.000000e-01,2.000000e+03,6.000000e+03,8.300000e+03,1.342049e-02,3.091500e+02,False,True,1.740336e+03,7.407800e-01,1.060600e-01,1.030977e+02,7.807520e+03,2.979800e-18,3.912055e+02,6.171812e+06,3.004629e+07
Pseudemydura_umbrina,5.491236e+01,5.083941e+03,4.926038e+04,3.000000e-01,5.200000e+00,5.200000e+00,2.365000e+02,4.170000e+02,1.015015e-02,2.981500e+02,False,False,2.232984e+02,6.486200e-01,2.572300e-02,1.893600e+01,8.291128e+03,9.561000e-11,1.043000e+04,1.043000e+04,5.467000e+05
Branchiura_sowerbyi,1.549377e+01,7.017768e+01,1.002538e+03,1.600000e-01,4.400000e-04,4.400000e-04,8.400000e-02,2.400000e-01,3.218497e-01,2.931500e+02,False,False,5.509754e+02,9.594200e-01,8.632900e-03,2.240851e+03,4.180457e+03,6.632000e-08,1.311000e-02,1.311000e-02,1.217000e+01
Rana_macrocnemis,5.243240e+01,3.879998e+03,1.052580e+04,2.800000e-01,4.200000e-03,4.200000e-03,7.000000e+00,4.000000e+01,2.434968e-01,2.831500e+02,False,False,9.021741e+01,9.223200e-01,9.481800e-02,2.660740e+01,7.310107e+03,3.918000e-08,2.248000e+00,7.649000e+02,5.527000e+03
Macroramphosus_scolopax,9.481282e+00,7.978863e+02,3.194463e+03,2.000000e-01,3.800000e-04,3.800000e-04,3.100000e+00,2.720000e+01,2.399465e+01,2.891500e+02,False,False,1.096012e+02,8.500000e-01,5.712500e-02,3.460920e+01,5.219094e+03,5.943000e-08,2.428000e-01,2.428000e-01,2.928000e+03
Typhlichthys_subterraneus,1.486507e+02,1.100015e+03,2.846295e+03,2.000000e-01,5.200000e-03,5.200000e-03,5.100000e-01,3.700000e+00,7.026679e-02,2.861500e+02,False,False,6.578921e+01,9.282700e-01,2.454400e-02,4.533790e+01,5.218250e+03,5.562000e-07,1.414000e+00,1.414000e+00,1.982000e+02
Lobatus_gigas,2.116685e+00,6.781328e+02,7.725899e+03,1.500000e-01,1.400000e-05,1.400000e-05,3.000000e+02,5.000000e+02,1.760313e+04,3.001500e+02,True,False,1.945736e+01,8.670000e-01,1.172600e-02,1.504730e+01,3.938833e+03,1.929000e-11,5.811000e-03,1.315000e+00,2.093000e+05
Chrosomus_neogaeus,1.300000e+01,3.780000e+02,2.190000e+03,2.000000e-01,1.400000e-03,1.400000e-03,1.180000e+00,1.170000e+01,8.383562e+00,2.931500e+02,True,False,2.161959e+01,9.077300e-01,4.055000e-02,6.945830e+01,5.221161e+03,2.804000e-09,6.972000e-01,4.577000e+02,4.580000e+02
Pelobates_fuscus,1.166927e+01,1.512031e+03,6.775828e+03,2.800000e-01,1.259259e-03,4.460000e+00,1.000000e+01,3.400000e+01,6.198505e+00,2.901500e+02,False,False,1.421622e+02,7.752100e-01,1.166700e-01,3.655120e+01,7.298707e+03,1.921000e-09,4.376000e+00,7.271000e+03,3.634000e+04
Smutsia_temminckii,3.715923e+01,2.585979e+02,2.767984e+03,3.000000e-01,3.400000e+02,3.400000e+02,8.000000e+03,1.610000e+04,9.031845e-03,3.065500e+02,False,True,5.046805e+02,9.722500e-01,3.560100e-02,2.772680e+01,7.834543e+03,5.888000e-12,2.845000e+04,7.460000e+04,8.777000e+05
Oncorhynchus_mykiss,1.415675e+02,1.224297e+03,1.749147e+04,2.000000e-01,1.605892e-01,1.605892e-01,3.500000e+03,2.540000e+04,8.090469e+01,2.886500e+02,True,False,2.511589e+03,6.191600e-01,3.245300e-02,3.438835e+02,5.267556e+03,4.004000e-06,4.329000e+01,8.541000e+02,3.881000e+06
Hypsibius_convergens,7.500000e+00,1.950000e+01,9.000000e+02,7.000000e-02,5.310000e-08,5.310000e-08,3.500000e-07,9.880000e-07,1.000000e-01,2.931500e+02,True,False,2.910124e+00,9.409000e-01,1.776000e-03,4.167000e+02,1.822000e+03,2.152000e-08,5.016000e-06,1.257000e-05,4.831000e-05
Stagnicola_palustris,1.200000e+01,6.400000e+01,3.600000e+02,1.500000e-01,5.970000e-05,1.404000e-02,1.300000e-01,2.467000e-01,2.304151e+01,2.931500e+02,True,False,8.558485e+01,8.959000e-01,1.722000e-02,1.031000e+03,3.914000e+03,3.907000e-07,1.628000e-02,6.194000e+00,1.155000e+02
Fratercula_arctica,1.195996e+01,1.790036e+01,1.965874e+03,2.800000e-01,4.400000e+01,4.400000e+01,2.838000e+02,4.360000e+02,2.075413e-02,3.138500e+02,False,False,1.779764e+03,9.949200e-01,8.739100e-02,3.739253e+02,7.336196e+03,3.908000e-20,9.095000e+02,9.095000e+02,2.333000e+04
Rhinogobius_brunneus,8.000000e+00,2.080000e+02,7.300000e+02,2.000000e-01,1.200000e-03,1.200000e-03,7.000000e-01,9.800000e+00,4.657534e+00,2.931500e+02,False,False,1.575057e+02,9.479800e-01,3.453900e-02,8.618810e+01,5.222672e+03,5.508000e-07,1.426000e-01,1.426000e-01,1.895000e+02
Gasterosteus_aculeatus,9.649475e+00,1.220000e+02,2.920000e+03,2.000000e-01,3.416622e-03,3.416622e-03,8.310000e-01,7.213263e+00,4.383562e-01,2.931500e+02,False,False,1.947187e+02,9.844000e-01,7.262000e-02,1.161000e+02,5.224000e+03,3.887000e-09,1.849000e-01,1.849000e-01,7.879000e+01
Heteronotia_binoei_3N1B,3.150509e+01,5.605784e+01,5.475000e+03,3.000000e-01,1.993734e-01,1.993734e-01,1.795292e+00,4.323691e+00,2.906587e-02,2.991500e+02,False,False,4.983759e+01,9.228800e-01,8.383900e-03,3.606250e+01,7.907380e+03,3.957000e-09,9.033000e+01,9.033000e+01,8.455000e+02
Lepomis_cyanellus,1.265535e+00,1.154801e+02,2.309602e+03,2.000000e-01,5.230000e-04,5.230000e-04,7.000000e+00,9.600000e+02,1.125735e+02,2.981500e+02,True,False,1.686717e+02,9.923700e-01,7.457900e-02,1.936360e+01,5.210845e+03,2.585000e-09,1.205000e-02,1.206000e-02,2.128000e+02
Apodemus_sylvaticus,1.119039e+01,2.750141e+01,5.282704e+02,3.000000e-01,2.500000e+00,8.000000e+00,1.400000e+01,4.400000e+01,7.145985e-01,3.098500e+02,False,True,4.856611e+02,5.857600e-01,3.557100e-02,1.143182e+02,7.838678e+03,4.335000e-14,5.938000e+03,2.776000e+04,7.701000e+04
Caenorhabditis_elegans,4.583333e-01,3.166667e+00,2.100000e+01,7.000000e-02,2.400000e-08,2.400000e-08,1.800000e-06,4.300000e-06,2.180000e+02,2.931500e+02,True,False,1.750133e+01,8.500000e-01,8.930000e-02,2.652000e+03,1.811000e+03,2.171000e-04,5.606000e-06,2.810000e-04,9.903000e-04
Ctenophorus_ornatus,7.023721e+01,1.599678e+02,1.539823e+03,3.000000e-01,1.844000e+00,1.844000e+00,1.297000e+01,3.915000e+01,4.141013e-02,3.031500e+02,False,False,3.050411e+02,5.822500e-01,1.555200e-02,9.335620e+01,7.805840e+03,7.809000e-09,2.818000e+03,2.818000e+03,5.056000e+04
Podocnemis_unifilis,2.335202e+01,8.925156e+02,1.352032e+04,3.000000e-01,2.190000e+01,2.190000e+01,2.458000e+03,1.160000e+04,2.070957e-01,3.001500e+02,False,False,1.950802e+02,8.490600e-01,5.719300e-02,8.284600e+00,7.861023e+03,1.326000e-11,1.891000e+04,1.891000e+04,4.026000e+06
Macropus_fuliginosus,3.736532e+01,1.703362e+02,1.680593e+03,3.000000e-01,8.343300e-01,6.500000e+03,1.650000e+04,3.540000e+04,1.380465e-02,3.094500e+02,False,True,7.595611e+02,8.262200e-01,4.728300e-02,2.738400e+01,7.823427e+03,4.542000e-13,4.209000e+02,4.403000e+06,1.340000e+07
Macropus_antilopinus,3.582220e+01,1.602806e+02,7.109127e+02,3.000000e-01,7.030000e-01,7.500000e+03,1.250000e+04,1.750000e+04,1.901572e-02,3.096500e+02,False,True,7.172055e+02,8.070200e-01,5.489400e-02,3.107830e+01,7.828704e+03,2.222600e-11,4.716275e+02,8.325595e+06,1.473407e+07
Gammarus_pseudolimnaeus,4.439360e+01,2.298250e+02,1.101921e+03,1.700000e-01,1.176471e-04,1.176471e-04,9.000000e-03,6.764706e-02,1.544004e-01,2.851500e+02,True,False,2.001373e+01,9.133400e-01,1.509600e-02,1.239950e+02,4.435986e+03,5.889200e-06,4.406800e-02,9.390300e-01,4.502800e+00
Dermatemys_mawii,9.625774e+01,1.333771e+03,1.997699e+03,3.000000e-01,3.120000e+01,3.120000e+01,1.060000e+04,2.200000e+04,2.262603e-01,3.011500e+02,False,False,5.841863e+02,7.996100e-01,1.259800e-02,3.138180e+01,7.823517e+03,8.179000e-09,1.100000e+04,1.100000e+04,5.044000e+06
Sympterygia_bonapartii,2.167640e+02,1.294161e+03,2.930328e+03,2.000000e-01,2.076611e+01,2.076611e+01,2.121700e+03,4.710000e+03,3.276084e-01,2.851500e+02,False,False,3.061727e+03,2.796400e-01,8.896400e-02,1.000773e+02,5.193594e+03,2.784000e-07,5.153000e+04,5.153000e+04,1.073000e+07
Lissotriton_vulgaris,5.375850e+01,1.343963e+03,1.569748e+04,2.800000e-01,8.200000e-03,8.200000e-03,7.280000e-01,5.200000e+00,4.459314e-01,2.931500e+02,False,False,1.625909e+02,6.103600e-01,6.083900e-02,6.217980e+01,7.307366e+03,2.854000e-09,2.275000e+01,1.979000e+02,4.030000e+03
Manis_javanica,1.671338e+02,2.318971e+02,2.767984e+03,3.000000e-01,1.400000e+02,1.400000e+02,2.000000e+03,1.350000e+04,9.031845e-03,3.065500e+02,False,True,6.555068e+02,9.930200e-01,4.462300e-02,3.998890e+01,7.830650e+03,1.128000e-12,3.088000e+03,1.496000e+04,5.559000e+04
Pungitius_pungitius,7.840199e+00,5.470000e+02,1.825000e+03,2.000000e-01,2.755518e-03,2.755518e-03,5.581961e-01,4.465568e+00,2.191781e-01,2.931500e+02,False,False,3.187773e+01,9.500000e-01,1.305000e-01,1.874000e+01,5.200000e+03,8.666000e-09,7.561000e-01,7.561000e-01,1.786000e+02
Arion_subfuscus,6.743768e+01,3.355828e+02,5.860656e+02,1.500000e-01,2.000000e-02,2.000000e-02,2.300000e+00,1.080000e+01,1.023776e-01,2.911500e+02,True,False,1.852346e+02,9.814300e-01,2.802200e-02,4.659731e+02,3.916048e+03,5.021000e-06,1.009000e+00,1.206000e+02,1.209000e+02
Neophocaena_phocaenoides,7.170126e+01,5.624067e+02,2.698880e+03,3.000000e-01,7.000000e+03,2.450000e+04,1.995446e+04,7.200000e+04,6.113647e-03,3.101500e+02,False,True,8.651021e+02,5.956000e-01,2.366900e-02,2.262380e+01,7.837537e+03,6.863000e-14,7.621000e+06,2.301000e+07,7.794000e+07
Lepidochelys_olivacea,2.235670e+01,6.205000e+03,1.825000e+04,3.000000e-01,1.700000e+01,1.700000e+01,4.490000e+04,4.000000e+04,1.780822e-01,2.931500e+02,False,False,9.719230e+02,8.942900e-01,5.756400e-02,3.238500e+01,7.354518e+03,3.273000e-10,4.785000e+03,4.785000e+03,2.554000e+07
Pontoporia_blainvillei,2.516104e+02,5.331365e+02,1.689156e+03,3.000000e-01,5.619712e+03,5.619712e+03,3.200000e+04,3.200000e+04,6.216120e-03,3.103500e+02,False,True,7.662792e+02,9.400900e-01,3.829900e-02,3.363110e+01,7.831664e+03,5.728000e-14,3.251000e+05,2.114000e+06,7.910000e+06
Branchotenthes_octohamatus,2.467604e+00,9.428611e+00,1.396026e+01,7.000000e-02,2.300000e-13,2.300000e-13,1.300000e-03,2.600000e-03,3.581595e+02,2.931500e+02,True,False,1.207592e-01,9.947400e-01,4.010900e-04,2.129670e+01,1.827926e+03,4.475000e-09,1.922000e-07,3.481000e-03,2.693000e-02
Brachionus_plicatilis,1.000000e+00,1.900000e+00,1.100000e+01,6.000000e-02,3.800000e-07,3.800000e-07,2.200000e-06,2.800000e-06,4.528302e+00,2.931500e+02,False,False,9.979957e+01,3.680800e-01,1.259600e-02,4.843520e+03,1.559423e+03,1.932000e-03,3.132000e-04,3.132000e-04,6.225000e-04
Anolis_gundlachi,2.569616e+01,2.286064e+02,8.023207e+02,3.000000e-01,9.277189e-02,9.277189e-02,1.537879e+00,2.913171e+00,6.730476e-02,2.981500e+02,False,False,1.760022e+02,8.121000e-01,2.311000e-02,1.266000e+02,7.836000e+03,6.243000e-08,1.014000e+02,1.014000e+02,4.028000e+03
Paralithodes_camtschaticus,1.277233e+03,9.047067e+03,3.884917e+04,1.700000e-01,5.240000e-04,5.882353e-03,8.400000e+02,8.000000e+03,3.088869e+03,2.801500e+02,True,False,2.847218e+02,5.169100e-01,2.306100e-02,6.671300e+01,4.440415e+03,1.389000e-08,5.204000e-01,8.623000e+01,2.310000e+06
Urechis_caupo,2.209990e+00,7.281916e+02,4.839877e+03,1.600000e-01,8.200000e-06,2.000000e-04,5.600000e+01,1.600000e+02,8.264673e+04,2.901500e+02,True,False,8.665241e+01,5.000000e-01,2.939800e-02,1.228450e+01,1.056366e+03,2.441000e-08,1.715000e-03,4.473000e-02,2.389000e+04
Phocoena_phocoena,9.981457e+01,3.942379e+02,1.104087e+03,3.000000e-01,8.500000e+03,1.175928e+04,3.700000e+04,5.500000e+04,9.135684e-03,3.101500e+02,False,True,6.802767e+02,6.029900e-01,2.393400e-02,1.850340e+01,7.846832e+03,5.598000e-11,8.505000e+06,1.741000e+07,4.539000e+07
Archosargus_probatocephalus,1.010302e+00,4.572603e+02,7.300000e+03,2.000000e-01,2.680000e-04,2.680000e-04,6.980000e+02,1.275000e+04,3.872609e+02,2.931500e+02,True,False,1.808545e+02,9.942500e-01,8.384900e-02,2.311420e+01,5.220953e+03,1.102000e-09,5.952000e-03,1.091000e-01,1.828000e+04
Hippocampus_kuda,1.183143e+01,6.014308e+01,8.996814e+02,2.000000e-01,3.100000e-03,3.100000e-03,1.170000e+01,1.150000e+02,5.557523e+00,3.009500e+02,True,False,4.154754e+01,9.940400e-01,2.268200e-02,4.536060e+01,5.217958e+03,3.368000e-09,7.216000e-02,1.145000e+01,3.766000e+02
Pecten_maximus,2.393850e+00,6.947057e+02,1.384624e+04,9.000000e-02,1.155556e-06,3.333333e-05,1.111111e+01,2.222222e+02,3.033302e+04,2.861500e+02,True,False,5.820433e+01,8.865400e-01,3.021500e-02,4.905920e+01,2.372028e+03,9.121000e-09,2.541000e-04,2.141000e-02,3.234000e+03
Symsagittifera_roscoffensis,4.824738e+00,1.375050e+02,4.402573e+02,5.000000e-02,4.200000e-06,4.200000e-06,5.000000e-03,2.310000e-02,1.243591e+01,2.911500e+02,True,False,3.714595e+00,9.000000e-01,2.307500e-02,9.935910e+01,1.305423e+03,2.235000e-07,5.684000e-04,5.269000e-01,1.315000e+00
Larimichthys_polyactis,6.764085e+00,4.202366e+02,1.388441e+04,2.000000e-01,1.200000e-03,1.200000e-03,5.419400e+00,1.011200e+03,3.478722e+02,2.911500e+02,True,False,6.177799e+02,5.598600e-01,3.463500e-02,5.667310e+01,5.217896e+03,5.773000e-09,9.367000e-01,9.368000e-01,6.211000e+03
Crassostrea_virginica,1.155663e+00,5.557360e+01,7.300000e+03,9.000000e-02,1.666667e-06,8.333333e-05,1.333333e+00,3.977778e+02,1.300000e+06,2.931500e+02,True,False,1.142673e+01,6.810300e-01,2.198600e-02,4.165700e+00,2.315063e+03,9.487000e-10,1.248000e-03,7.197000e-02,9.740000e+02
Aglaoctenus_lagotis,1.249986e+01,1.597808e+02,2.336930e+02,1.700000e-01,2.670000e-04,2.670000e-04,9.700000e-02,7.200000e-01,5.081105e+00,2.998500e+02,True,False,7.909392e+00,8.572700e-01,6.203500e-03,2.514550e+01,4.434828e+03,3.764300e-07,1.546600e-01,4.930900e+00,7.555950e+01
Abramis_brama,1.568040e+01,1.336452e+03,6.603860e+03,2.000000e-01,2.800000e-03,2.800000e-03,3.190000e+02,6.050000e+03,2.271399e+03,2.911500e+02,True,False,4.010921e+02,6.636700e-01,1.641600e-02,2.334840e+01,5.228964e+03,4.116000e-08,5.484000e-01,5.485000e-01,2.366000e+05
Scyliorhinus_canicula,4.375976e+02,1.597231e+03,6.388925e+03,2.000000e-01,1.300000e+00,1.300000e+00,8.500000e+01,1.320000e+03,8.546038e-02,2.891500e+02,False,False,3.188324e+02,8.800000e-01,2.159000e-02,4.358070e+01,5.149000e+03,4.745000e-08,2.139000e+02,2.139000e+02,2.473000e+04
Homo_sapiens,9.516196e+01,1.144913e+03,6.951661e+03,3.000000e-01,3.313000e+03,1.175000e+04,4.800000e+04,6.800000e+04,4.462962e-03,3.101500e+02,False,True,1.189921e+02,7.865600e-01,3.146100e-02,2.582600e+00,7.879555e+03,2.281000e-15,4.810000e+06,1.346000e+07,8.726000e+07
Xiphias_gladius,1.898303e+00,1.642500e+03,4.015000e+03,2.000000e-01,1.661124e-03,1.661124e-03,7.400000e+04,6.500000e+05,4.109589e+04,2.931500e+02,True,False,1.651206e+03,8.992600e-01,3.836800e-02,5.012570e+01,5.215637e+03,5.065000e-08,8.741000e-02,2.010000e-01,1.226000e+07
Rana_muscosa,7.095739e+01,5.250847e+03,1.339648e+04,2.800000e-01,4.200000e-03,4.200000e-03,7.000000e+00,7.600000e+01,3.975664e-01,2.831500e+02,False,False,9.294508e+01,9.734200e-01,1.428400e-01,2.320040e+01,7.320794e+03,1.430000e-08,7.658000e-01,2.032000e+02,1.696000e+03
Cyprideis_torosa,1.605659e+01,1.766225e+02,5.860656e+02,1.700000e-01,2.647059e-07,2.647059e-07,6.058824e-05,1.176471e-04,6.227972e-02,2.881500e+02,True,False,6.367405e+00,9.901000e-01,4.121000e-03,2.588000e+02,4.442000e+03,2.150000e-06,9.545000e-06,6.819000e-05,4.239000e-03
Gammarus_pulex,1.120860e+02,7.125469e+02,1.082696e+03,1.700000e-01,1.350000e-04,1.350000e-04,5.000000e-03,5.100000e-02,3.183411e-01,2.861500e+02,True,False,4.028563e+01,8.942400e-01,1.776000e-02,3.233844e+02,4.452863e+03,3.032000e-06,5.441000e-02,1.830000e+00,3.545000e+00
Alopias_vulpinus,4.621314e+02,3.724236e+03,6.796051e+03,2.000000e-01,7.548833e+03,7.548833e+03,1.496000e+05,2.938000e+05,7.357214e-03,2.963500e+02,False,False,9.718533e+02,6.627600e-01,3.823000e-02,1.855490e+01,5.232035e+03,2.108000e-09,3.350000e+06,3.350000e+06,1.134000e+08
Anarhichas_minor,3.886813e+02,3.310269e+03,9.930808e+03,2.000000e-01,8.700000e-02,8.700000e-02,7.960000e+02,2.790000e+04,7.443503e+01,2.766500e+02,True,False,3.556813e+01,7.430300e-01,7.355100e-03,2.005630e+01,5.244123e+03,5.694000e-09,8.774000e+01,5.758000e+05,8.836000e+05
Elseya_dentata,7.122365e+01,2.678714e+03,4.210615e+03,3.000000e-01,1.870000e+01,1.870000e+01,3.900000e+03,6.666000e+03,2.070957e-02,3.001500e+02,False,False,2.490832e+02,8.833100e-01,1.230500e-02,1.954740e+01,7.850949e+03,1.285000e-09,6.394000e+03,6.394000e+03,4.202000e+06
Eutrigla_gurnardus,7.748174e+00,3.236293e+03,1.165065e+04,2.000000e-01,1.400000e-03,1.400000e-03,3.700000e+01,1.300000e+03,2.317466e+02,2.791500e+02,True,False,8.482896e+01,4.708200e-01,1.897900e-01,3.013140e+01,5.219397e+03,3.735000e-08,7.129000e+00,3.949000e+03,2.384000e+05
Septifer_virgatus,6.327677e-01,2.315930e+02,2.771523e+03,9.000000e-02,1.254960e-06,1.254960e-06,1.000000e-01,5.810000e+00,4.329750e+03,2.981500e+02,True,False,6.110012e+00,8.641000e-01,2.986000e-02,6.137000e+00,2.357000e+03,3.685000e-10,3.208000e-04,2.465000e-03,3.701000e+01
Procavia_capensis,1.238779e+02,2.410269e+02,9.896096e+02,3.000000e-01,6.580000e+02,6.580000e+02,2.830000e+03,4.000000e+03,3.031498e-02,3.100500e+02,False,True,5.753717e+02,4.183000e-01,1.265900e-02,2.946380e+01,7.825457e+03,1.302000e-10,1.172000e+06,1.967000e+06,5.627000e+06
Egernia_cunninghami,3.817788e+01,5.861214e+02,1.243969e+04,3.000000e-01,7.730000e+00,7.730000e+00,2.011339e+02,3.633579e+02,2.765342e-02,2.981500e+02,False,False,4.724682e+02,7.625000e-01,1.183700e-02,8.437130e+01,7.779352e+03,1.845000e-10,4.840000e+03,4.840000e+03,3.714000e+05
Leucoraja_naevus,1.372500e+02,3.422250e+03,5.110000e+03,2.000000e-01,7.000000e+00,7.000000e+00,1.161000e+03,3.326000e+03,2.465753e-01,2.931500e+02,False,False,3.279307e+02,3.982600e-01,3.006100e-02,1.324010e+01,5.239754e+03,1.050000e-08,1.541000e+04,1.541000e+04,3.633000e+06
Ctenophorus_adelaidensis,1.046268e+01,4.240748e+01,6.294838e+02,3.000000e-01,5.800000e-01,5.800000e-01,2.500000e+00,5.400000e+00,1.429743e-02,3.031500e+02,False,False,2.481703e+02,9.083800e-01,1.718300e-02,1.577668e+02,7.838702e+03,5.139000e-08,2.476000e+02,2.476000e+02,2.572000e+03
Atherina_presbyter,4.174714e+01,5.075802e+02,3.924371e+03,2.000000e-01,2.200000e-03,2.200000e-03,2.260000e+00,7.040000e+01,8.791218e+00,2.851500e+02,True,False,1.214038e+02,6.546000e-01,2.951000e-02,3.583000e+01,5.185000e+03,5.235000e-07,3.468000e+00,1.127000e+01,4.162000e+03
Speleomantes_imperialis,2.777790e+02,2.329009e+03,9.963115e+03,2.800000e-01,8.710000e-02,8.710000e-02,2.900000e+00,7.800000e+00,1.706294e-02,2.881500e+02,False,False,7.704116e+01,7.851000e-01,1.416900e-02,3.656230e+01,7.302850e+03,8.635000e-09,1.021000e+02,1.021000e+02,5.092000e+03
Lagorchestes_hirsutus,3.317742e+01,9.745171e+01,9.384047e+02,3.000000e-01,6.000000e-01,5.000000e+02,1.300000e+03,1.310000e+03,4.107396e-02,3.096500e+02,False,True,6.016192e+02,7.565600e-01,1.607700e-01,4.654950e+01,7.830911e+03,2.361000e-17,1.012000e+03,1.458000e+06,4.790000e+06
Oncorhynchus_clarkii_stomias,1.612296e+02,3.455625e+03,1.446289e+04,2.000000e-01,8.000000e-02,8.000000e-02,1.700000e+01,1.500000e+02,2.169931e-01,2.801500e+02,True,False,2.108516e+02,7.215000e-01,5.850000e-02,5.788790e+01,5.222900e+03,4.665000e-07,9.580000e+01,3.973000e+02,3.200000e+04
Mytilus_edulis,2.357713e-01,4.305183e+02,2.041285e+04,9.000000e-02,2.690000e-08,2.690000e-08,6.380000e-02,1.246000e+02,2.424528e+03,2.911500e+02,True,False,1.106704e+01,9.964900e-01,6.099900e-02,2.646300e+00,2.348000e+03,4.282000e-09,2.317000e-07,3.642000e-07,5.578000e-01
Lepidochelys_kempii,2.235670e+01,4.015000e+03,1.761029e+04,3.000000e-01,1.400000e+01,1.400000e+01,4.490000e+04,4.500000e+04,6.030000e-01,2.931500e+02,False,False,7.283207e+02,6.929000e-01,4.241000e-02,2.017000e+01,7.841000e+03,1.421000e-09,1.324000e+04,1.324000e+04,3.648000e+07
Argopecten_purpuratus,4.839344e+00,9.289326e+01,2.678307e+03,9.000000e-02,1.482222e-06,1.088889e-05,1.777778e+00,2.137778e+02,6.084888e+05,2.891500e+02,True,False,5.186611e+01,9.719000e-01,3.876000e-02,5.168000e+01,2.374000e+03,5.544000e-08,2.859000e-06,4.535000e-04,7.557000e+01
Rhodeus_amarus,2.071728e+01,4.201005e+02,2.100502e+03,2.000000e-01,2.000000e-03,2.000000e-03,1.000000e+00,8.630000e+00,3.237321e-01,2.931500e+02,True,False,4.700735e+01,9.035800e-01,2.974700e-02,3.774540e+01,5.218811e+03,4.050000e-08,7.991000e-01,4.101000e+00,5.662000e+02
Salamandra_lanzai,6.854357e+03,1.860468e+04,4.700130e+04,2.800000e-01,1.250000e-01,1.500000e+00,8.000000e+00,2.000000e+01,8.753557e-04,2.791500e+02,False,False,2.763951e+02,9.836100e-01,8.550300e-02,1.153143e+02,7.266721e+03,2.702000e-08,1.169000e+01,1.526000e+02,2.017000e+03
Gopherus_polyphemus,8.428097e+01,3.623287e+03,4.170971e+04,3.000000e-01,3.890000e+01,3.890000e+01,2.780000e+03,5.500000e+03,2.808699e-02,2.971500e+02,False,False,1.783910e+02,7.435200e-01,2.074300e-02,9.947300e+00,7.863083e+03,4.164000e-12,4.825000e+04,4.825000e+04,9.030000e+06
Macropus_parma,2.871859e+01,1.113013e+02,7.109127e+02,3.000000e-01,5.670000e-01,1.770000e+03,2.510000e+03,3.550000e+03,2.410444e-02,3.096500e+02,False,True,8.680407e+02,8.735700e-01,3.297700e-02,8.131930e+01,7.825688e+03,9.889000e-12,1.256000e+02,1.451000e+06,2.405000e+06
Crocodylus_porosus,2.735387e+01,3.072631e+03,1.578007e+04,3.000000e-01,7.100000e+01,7.100000e+01,5.500000e+04,4.750000e+05,1.806076e-01,2.951500e+02,False,False,7.324583e+02,9.091900e-01,2.337600e-02,1.531620e+01,7.864994e+03,3.890000e-10,1.078000e+04,1.078000e+04,1.810000e+07
Biomphalaria_glabrata,1.300000e+01,5.020000e+01,3.600000e+02,1.500000e-01,3.879400e-04,1.400000e-01,4.400000e-01,2.350000e+00,1.370000e+02,2.931500e+02,True,False,1.848408e+02,5.410000e-01,2.103000e-02,8.688000e+02,3.950000e+03,5.001000e-07,4.955000e-01,3.633000e+02,1.060000e+03
Pseudomys_novaehollandiae,1.806987e+01,3.763073e+01,6.276672e+02,3.000000e-01,4.000000e+00,4.000000e+00,1.460000e+01,1.700000e+01,1.529473e-01,3.106500e+02,False,True,2.882640e+03,7.625400e-01,1.703300e-02,2.552876e+03,7.842347e+03,3.486000e-11,3.121000e+03,2.296000e+04,1.050000e+05
Chaenocephalus_aceratus,4.928058e+02,1.997917e+04,5.995803e+04,2.000000e-01,4.500000e-02,1.395513e+00,6.340000e+02,9.780000e+02,7.547279e+00,2.721500e+02,True,False,1.068416e+03,2.800800e-01,1.129400e-01,1.486104e+02,5.221554e+03,1.071000e-07,1.567000e+02,8.292000e+03,1.030000e+07
Palaemonetes_pugio,2.000000e+01,6.000000e+01,4.000000e+02,1.700000e-01,2.000000e-04,2.000000e-04,4.400000e-02,1.000000e+00,1.330000e+00,2.931500e+02,True,False,8.532516e+01,9.916700e-01,2.070600e-02,2.972055e+02,4.443076e+03,9.171000e-07,4.099000e-03,1.013000e-01,1.276000e+00
Hydromys_chrysogaster,3.296009e+01,6.168539e+01,6.172465e+02,3.000000e-01,3.140000e+01,1.500000e+02,4.330000e+02,8.500000e+02,1.011657e-01,3.097500e+02,False,True,9.289840e+02,9.610400e-01,2.075300e-01,1.106089e+02,7.836110e+03,4.272000e-20,6.899000e+03,5.177000e+04,3.142000e+05
Semicossyphus_pulcher,2.195824e+00,1.460000e+03,1.934500e+04,2.000000e-01,1.280000e-04,1.280000e-04,8.000000e+02,1.600000e+04,8.500000e+04,2.931500e+02,True,False,3.829771e+02,3.804100e-01,7.479300e-02,7.397900e+00,5.304052e+03,1.588000e-10,4.645000e-01,4.646000e-01,4.351000e+06
Channa_punctata,5.291711e-01,1.931475e+02,5.820882e+02,2.000000e-01,5.000000e-04,5.000000e-04,2.800000e+01,3.000000e+02,8.219178e+01,3.001500e+02,False,False,9.746243e+01,9.969600e-01,4.454000e-02,1.648840e+01,5.232446e+03,6.290500e-08,2.370400e-04,2.370400e-04,3.459327e+02
Crocodylus_mindorensis,2.664830e+01,1.410865e+03,2.076325e+04,3.000000e-01,5.050000e+01,5.050000e+01,1.500000e+04,7.530000e+04,2.167291e-01,2.981500e+02,False,False,6.732272e+02,8.864500e-01,3.998700e-02,2.104280e+01,7.842835e+03,6.437000e-11,1.500000e+04,1.500000e+04,5.084000e+06
Raja_montagui,3.279269e+02,3.912544e+03,1.805211e+04,2.000000e-01,5.300000e+00,5.300000e+00,1.064000e+03,2.788000e+03,7.644538e-02,2.851500e+02,False,False,6.966373e+02,7.596200e-01,5.405200e-02,5.809670e+01,5.221127e+03,1.209000e-08,2.772000e+03,2.772000e+03,1.305000e+06
Heteronotia_binoei,2.779566e+01,4.984386e+01,5.475000e+03,3.000000e-01,1.697625e-01,1.697625e-01,1.938401e+00,4.323691e+00,4.804153e-02,2.991500e+02,False,False,4.636495e+01,8.973300e-01,7.429100e-03,3.299600e+01,7.913671e+03,4.414000e-09,1.011000e+02,1.011000e+02,1.126000e+03
Rattus_norvegicus_Wistar,1.670726e+01,2.499772e+01,3.136930e+02,3.000000e-01,5.820000e+00,4.772000e+01,1.230000e+02,3.300000e+02,1.027093e+00,3.101500e+02,False,True,9.335676e+03,9.480300e-01,2.901800e-02,4.643982e+03,7.843971e+03,1.112000e-09,3.457000e+02,1.054000e+04,4.130000e+04
Cirrhinus_cirrhosus,2.421747e+00,3.559969e+02,4.419689e+03,2.000000e-01,5.236000e-04,5.236000e-04,2.000000e+03,1.270000e+04,5.656507e+03,3.011500e+02,True,False,1.193913e+02,9.073800e-01,1.981700e-02,1.688460e+01,5.214651e+03,2.051000e-10,1.215000e-01,2.510000e+00,6.265000e+05
Clypeaster_subdepressus,1.735448e+00,2.932063e+03,2.344262e+04,9.000000e-02,5.100000e-06,5.564116e-06,1.850000e+01,5.000000e+02,8.190210e+03,2.991500e+02,True,False,1.008441e+01,8.000000e-01,1.336000e-02,3.622600e+00,2.376252e+03,9.252000e-10,2.325000e-03,7.537000e-02,1.072000e+04
Poroderma_africanum,2.888812e+02,2.905698e+03,5.283088e+03,2.000000e-01,1.719000e+01,1.719000e+01,2.560000e+03,5.200000e+03,6.795579e-02,2.911500e+02,False,False,4.784331e+02,6.564300e-01,2.788000e-02,3.085260e+01,5.221017e+03,3.257000e-08,1.208000e+04,1.208000e+04,3.232000e+06
Nandinia_binotata,1.387164e+01,2.512068e+02,1.661346e+03,3.000000e-01,5.500000e+01,5.500000e+01,1.200000e+03,2.700000e+03,5.056141e-02,3.105500e+02,False,True,1.244018e+02,8.867900e-01,3.022600e-02,9.367900e+00,7.870535e+03,4.187000e-13,3.564000e+04,7.040000e+04,1.583000e+06
Mytilus_californianus,1.182287e+00,4.327169e+02,8.630693e+03,9.000000e-02,7.290000e-08,8.925313e-08,3.250000e-01,1.000000e+02,2.780773e+04,2.911500e+02,True,False,1.078888e+01,9.804600e-01,2.132200e-02,4.844100e+00,2.348000e+03,1.845000e-09,3.215000e-06,2.627000e-05,1.586000e+01
Lissotriton_helveticus,3.225510e+01,1.994441e+03,9.418490e+03,2.800000e-01,1.800000e-03,1.800000e-03,9.600000e-01,5.200000e+00,3.822269e-01,2.931500e+02,False,False,9.292066e+01,8.674300e-01,7.613700e-02,4.965940e+01,7.304995e+03,1.075000e-08,1.807000e+00,1.271000e+01,1.631000e+03
Enteromius_liberiensis,6.233082e+00,2.590192e+02,2.022289e+03,2.000000e-01,1.000000e-03,1.000000e-03,3.920000e+00,2.380000e+01,1.977957e+00,2.971500e+02,True,False,5.079807e+01,9.886700e-01,2.765400e-02,2.964030e+01,5.220574e+03,3.494000e-09,4.327000e-02,1.517000e-01,2.587000e+02
Macrobiotus_hufelandii,2.850000e+01,4.950000e+01,9.000000e+02,7.000000e-02,4.480000e-07,4.480000e-07,1.630000e-06,6.570000e-05,1.250000e-01,2.931500e+02,True,False,1.011610e+00,8.942000e-01,1.032000e-03,2.879000e+01,1.822000e+03,1.785000e-07,7.731000e-05,1.071000e-04,2.036000e-04
Mytilaster_minimus,1.100000e+00,1.831000e+02,3.650000e+03,9.000000e-02,3.645000e-07,2.572016e-03,1.500000e-02,5.000000e-01,1.400000e+03,2.931500e+02,True,False,1.272596e+00,8.678000e-01,4.576000e-02,1.928000e+01,2.348000e+03,1.011000e-10,1.281000e-04,3.704000e-01,2.401000e+00
Mytilus_trossulus,2.069002e+00,4.336036e+02,1.489681e+03,9.000000e-02,7.777778e-06,1.150000e-04,8.333333e+00,3.777778e+01,1.387142e+04,2.911500e+02,True,False,5.847327e+01,5.285400e-01,4.451700e-02,2.685330e+01,2.348000e+03,9.115000e-08,9.598000e-03,1.493000e-01,1.941000e+04
Stichopus_vastus,5.291711e-01,1.936766e+02,1.062311e+03,9.000000e-02,4.200000e-06,1.709241e-02,1.820000e+02,2.850000e+03,8.801565e+04,3.001500e+02,True,False,9.066790e+00,9.852700e-01,3.958600e-02,7.677900e+00,2.359650e+03,2.291000e-09,1.342000e-04,2.044000e-01,7.061000e+03
Pelophylax_perezi,3.470897e+00,1.175602e+03,3.985246e+03,2.800000e-01,4.200000e-03,8.200000e-01,1.600000e+01,6.490000e+01,8.531469e+00,2.881500e+02,False,False,2.470745e+02,6.309000e-01,4.765600e-02,4.670820e+01,7.306681e+03,8.095000e-08,9.870000e+00,2.305000e+03,6.358000e+04
Macropus_giganteus,3.745467e+01,1.642731e+02,1.810983e+03,3.000000e-01,8.000000e-01,6.500000e+03,1.740000e+04,3.500000e+04,1.380465e-02,3.094500e+02,False,True,7.477810e+02,7.596000e-01,6.734500e-02,2.445650e+01,7.847364e+03,5.475000e-15,8.773769e+02,8.125662e+06,2.381533e+07
Branchiostoma_floridae,9.097310e-01,1.528348e+01,7.305140e+02,6.000000e-02,7.221500e-05,3.168700e-04,2.630000e-02,4.218000e-01,6.870163e+02,3.036500e+02,True,False,6.232006e+00,8.286000e-01,1.170000e-02,2.608000e+01,1.565000e+03,3.967000e-10,2.335000e-03,9.704000e-02,8.591000e+00
Smaug_giganteus,9.175132e+01,1.991751e+03,9.088500e+03,3.000000e-01,7.000000e+00,7.000000e+00,1.600000e+02,2.510000e+02,3.424658e-03,2.931500e+02,False,False,1.830321e+02,9.179800e-01,2.514500e-02,3.305850e+01,7.825197e+03,1.150000e-09,3.082000e+03,3.082000e+03,1.486000e+05
Smeringurus_mesaensis,2.309602e+02,6.458976e+02,1.350959e+03,1.700000e-01,1.300000e-02,1.300000e-02,1.600000e+00,2.200000e+00,9.958425e-02,2.981500e+02,True,False,1.373494e+01,9.433300e-01,3.889900e-02,3.026390e+01,4.447007e+03,1.127000e-09,3.822000e+00,1.922000e+02,7.662000e+02
Carcharhinus_leucas,1.363759e+02,1.026579e+03,5.657202e+03,2.000000e-01,2.490000e+03,2.490000e+03,8.486000e+04,4.100000e+05,7.353451e-02,3.031500e+02,False,False,7.475160e+02,6.769000e-01,2.324000e-02,1.372000e+01,5.237000e+03,4.832000e-10,8.613000e+05,8.613000e+05,3.826000e+07
Homarus_gammarus,1.434457e+03,8.453871e+03,7.019414e+04,1.700000e-01,1.000000e-02,1.540000e-01,3.310000e+02,6.000000e+03,9.359755e+00,2.811500e+02,True,False,1.716380e+02,8.957600e-01,2.075100e-02,2.428930e+01,4.400000e+03,4.083000e-09,1.969000e+00,1.456000e+01,8.329000e+04
Phataginus_tetradactyla,4.246770e+01,2.639064e+02,1.107194e+03,3.000000e-01,1.250000e+02,1.250000e+02,1.100000e+03,3.600000e+03,1.806369e-02,3.065500e+02,False,True,1.952666e+02,9.092400e-01,2.367100e-02,1.502880e+01,7.861418e+03,5.395000e-10,4.910000e+04,1.002000e+05,8.332000e+05
Globicephala_macrorhynchus,1.635685e+02,8.996267e+02,5.152407e+03,3.000000e-01,3.700000e+04,3.700000e+04,3.910000e+05,5.930000e+05,2.445459e-03,3.101500e+02,False,True,7.449805e+02,9.237000e-01,1.329300e-02,1.716300e+01,7.845274e+03,7.087000e-13,4.610000e+06,1.831000e+07,8.091000e+07
Macrocheira_kaempferi,2.150340e+01,4.805960e+03,9.568913e+04,1.700000e-01,1.800000e-04,8.100000e-02,1.920000e+02,1.900000e+04,1.567576e+03,2.831500e+02,True,False,4.529965e+01,9.519400e-01,3.321500e-02,1.309800e+01,4.400000e+03,1.563000e-10,2.921000e-02,1.125000e+01,3.976000e+04
Hyalella_azteca,1.005918e+01,2.829977e+01,1.607027e+03,1.700000e-01,4.000000e-05,4.000000e-05,3.639000e-04,1.749410e-02,1.442527e+00,2.981500e+02,True,False,6.417619e+01,8.753800e-01,1.708200e-02,2.852572e+02,4.435942e+03,5.434000e-05,1.867000e-02,1.869000e-02,2.766000e-01
Clione_limacina,5.105305e+00,4.886507e+01,4.351653e+03,1.500000e-01,8.333333e-08,4.741706e-05,2.000000e-02,3.640000e+00,1.378786e+02,2.791500e+02,True,False,2.349618e+01,9.961000e-01,3.755000e-03,2.919000e+02,3.920000e+03,4.914000e-05,2.309000e-07,6.168000e-04,1.486000e-01
Eulamprus_quoyii,3.961285e+01,2.095018e+02,5.556072e+03,3.000000e-01,9.700000e-01,9.700000e-01,1.100000e+01,4.180000e+01,1.079900e-02,2.991500e+02,False,False,1.686566e+02,8.520800e-01,2.833500e-02,5.030240e+01,7.827881e+03,1.118000e-08,8.461000e+02,8.461000e+02,1.438000e+04
Gammarus_roeselii,1.053785e+01,6.879222e+02,2.502689e+03,1.700000e-01,1.230000e-04,1.230000e-04,1.000000e-02,5.910000e-02,5.949982e+00,2.861500e+02,True,False,4.613270e+01,8.279100e-01,1.384600e-02,3.985945e+02,4.371374e+03,1.373000e-05,8.377000e-02,5.291000e+00,1.265000e+01
Salvator_merianae,4.049713e+01,1.396796e+02,3.535751e+03,3.000000e-01,1.000000e+01,1.000000e+01,1.500000e+03,7.000000e+03,2.359012e-01,3.051500e+02,False,False,2.910635e+03,9.729400e-01,2.522900e-02,3.942191e+02,7.840903e+03,3.546000e-10,2.787000e+02,2.787000e+02,1.674000e+05
Fenneropenaeus_chinensis,5.020758e+00,9.820683e+01,9.921714e+02,1.700000e-01,1.150000e-05,9.112500e-03,2.700000e+00,9.180000e+01,1.988395e+03,2.911500e+02,True,False,3.242806e+03,9.382700e-01,1.914800e-02,3.156154e+03,4.435152e+03,1.821000e-06,9.596000e-05,2.309000e-04,2.036000e+02
Pelophylax_saharicus,6.649357e+00,9.167800e+02,2.123638e+03,2.800000e-01,6.300000e-03,7.000000e-01,2.000000e+01,1.180000e+02,1.648115e+01,2.951500e+02,False,False,9.852606e+01,5.516900e-01,8.890500e-02,1.166860e+01,7.331416e+03,7.505000e-09,3.097000e+01,3.994000e+03,1.553000e+05
Natator_depressus,2.854085e+01,4.514636e+03,1.687048e+04,3.000000e-01,1.615534e+01,1.615534e+01,6.000000e+04,9.480000e+04,3.481089e-01,2.981500e+02,False,False,7.862490e+02,8.459400e-01,1.261900e-01,1.837570e+01,7.815625e+03,1.874000e-11,3.740000e+04,3.740000e+04,5.899000e+07
Globicephala_melas,1.008299e+02,7.632823e+02,4.907055e+03,3.000000e-01,7.500000e+04,7.500000e+04,6.073000e+05,1.100000e+06,2.445459e-03,3.101500e+02,False,True,8.058366e+02,9.104800e-01,1.440000e-02,1.490720e+01,7.856346e+03,1.308000e-12,1.186000e+07,4.267000e+07,1.490000e+08
Pedetes_capensis,1.458553e+01,5.914126e+01,1.330838e+03,3.000000e-01,2.600000e+02,1.300000e+03,2.500000e+03,3.500000e+03,5.410125e-02,3.126500e+02,False,True,6.828685e+02,8.441800e-01,3.462500e-02,5.824810e+01,7.831708e+03,5.740000e-15,1.495000e+05,3.800000e+05,2.517000e+06
Salamandrina_perspicillata,3.714178e+01,1.402338e+03,3.640523e+03,2.800000e-01,4.200000e-03,2.204747e-02,7.100000e-01,1.910000e+00,1.977738e-01,2.911500e+02,False,False,1.926561e+01,7.345300e-01,8.160600e-02,1.152000e+01,7.347021e+03,4.415000e-10,1.094000e+01,6.187000e+01,3.119000e+03
Hemidactylus_turcicus,3.638031e+01,2.382693e+02,1.377678e+03,3.000000e-01,3.680000e-01,3.680000e-01,2.500000e+00,5.500000e+00,1.302935e-02,2.981500e+02,False,False,9.856150e+01,8.528400e-01,3.852200e-02,5.025240e+01,7.758203e+03,4.963000e-08,4.017000e+02,4.017000e+02,3.083000e+03
Aphanius_fasciatus,8.343224e+00,3.033769e+02,2.903926e+03,2.000000e-01,2.812129e-03,2.812129e-03,1.160000e-01,7.460000e+00,1.055812e+00,2.901500e+02,False,False,2.546557e+01,7.608000e-01,3.578400e-02,1.060380e+01,5.241252e+03,4.851000e-08,2.238000e+00,2.238000e+00,2.037000e+02
Wallabia_bicolor,3.055107e+01,1.548147e+02,1.094806e+03,3.000000e-01,6.100000e-01,3.850000e+02,7.000000e+03,1.462500e+04,2.112858e-02,3.096500e+02,False,True,5.431412e+02,7.026500e-01,2.853800e-02,2.386790e+01,7.841116e+03,1.235000e-11,5.604000e+02,3.925000e+05,8.185000e+06
Hyperolius_viridiflavus,6.327677e+00,8.352534e+01,5.081125e+03,2.800000e-01,1.800000e-03,1.300000e-01,7.800000e-01,3.500000e+00,4.286453e+00,2.981500e+02,False,False,2.016008e+02,8.920700e-01,2.049300e-02,1.632701e+02,7.314550e+03,1.109000e-10,7.020000e-01,7.853000e+01,8.181000e+02
Holothuria_scabra,6.327677e-01,2.315930e+02,9.238408e+03,9.000000e-02,4.200000e-06,3.138437e-02,1.800000e+02,2.000000e+03,7.360575e+04,2.981500e+02,True,False,1.099942e+01,9.830400e-01,4.699300e-02,1.153840e+01,2.358195e+03,6.711000e-12,1.549000e-04,3.147000e-01,9.128000e+03
Betta_splendens,1.210874e+00,6.030151e+01,1.767876e+03,2.000000e-01,5.200000e-04,5.200000e-04,6.000000e-01,4.700000e+00,2.206038e+00,3.011500e+02,True,False,3.456954e+01,9.997400e-01,7.418600e-02,4.417700e+01,5.217332e+03,1.034000e-10,6.436000e-04,1.929000e-01,2.157000e+01
Lissotriton_boscai,5.375850e+01,2.408381e+03,6.278993e+03,2.800000e-01,4.200000e-03,5.805338e-02,3.850000e-01,2.750000e+00,2.165952e-01,2.931500e+02,False,False,7.249099e+01,5.909100e-01,6.171300e-02,3.263420e+01,7.298649e+03,3.639000e-08,1.704000e+01,3.691000e+02,2.350000e+03
Asellus_aquaticus,1.720602e+01,6.208892e+01,1.122072e+03,1.700000e-01,5.000000e-04,5.000000e-04,3.000000e-03,4.500000e-02,1.138630e+00,2.881500e+02,True,False,8.807004e+01,9.089200e-01,9.754100e-03,5.275728e+02,4.432120e+03,4.969000e-07,2.099000e-02,7.947000e-02,5.152000e-01
Pomacentrus_amboinensis,1.853940e+00,1.362646e+02,1.015032e+03,2.000000e-01,2.900000e-03,7.400000e-02,3.800000e+00,3.830000e+01,1.837183e+01,3.016500e+02,True,False,7.437422e+01,9.845300e-01,5.498100e-02,7.275800e+01,5.220324e+03,7.773000e-10,1.299000e-01,5.396000e+00,3.826000e+02
Heteronotia_binoei_SM6,2.834526e+01,4.921525e+01,5.475000e+03,3.000000e-01,1.874813e-01,1.874813e-01,2.774305e+00,5.435400e+00,5.190283e-02,2.991500e+02,False,False,5.181988e+01,9.044800e-01,6.920100e-03,3.559390e+01,7.920539e+03,4.950000e-09,9.441000e+01,9.441000e+01,1.410000e+03
Callorhinus_ursinus,5.285557e+01,4.143876e+02,2.006397e+03,3.000000e-01,4.500000e+03,4.500000e+03,2.500000e+04,4.000000e+04,1.295985e-02,3.108500e+02,False,True,2.586603e+02,8.702000e-01,2.495700e-02,8.109900e+00,7.857464e+03,1.080000e-11,1.584000e+06,2.941000e+06,3.236000e+07
Lumbricus_rubellus,2.897842e+01,8.772919e+01,2.065010e+03,1.600000e-01,8.000000e-03,8.000000e-03,7.700000e-01,3.810000e+00,9.716591e-02,2.956500e+02,False,False,3.455621e+02,9.850200e-01,2.336700e-02,3.716324e+02,4.182940e+03,4.751000e-09,1.412000e-01,1.412000e-01,3.878000e+01
Scomber_scombrus,3.588541e+01,1.698550e+03,1.698550e+04,2.000000e-01,5.500000e-05,5.500000e-05,1.750000e+02,2.800000e+03,3.781379e+03,2.851500e+02,True,False,7.758885e+01,8.567000e-01,3.233000e-02,3.369000e+01,5.219000e+03,8.440000e-09,5.257000e-02,1.495000e+01,1.351000e+05
Huso_huso,2.247923e+01,9.399528e+03,2.695902e+04,2.000000e-01,6.500000e-02,6.500000e-02,5.000000e+04,3.200000e+06,3.412555e+03,2.881500e+02,False,False,1.899262e+03,4.308100e-01,1.551200e-02,1.667810e+01,5.226676e+03,1.154000e-08,1.579000e+01,1.579000e+01,2.772000e+07
Acipenser_ruthenus,1.284527e+01,4.094431e+03,2.254813e+04,2.000000e-01,1.400000e-03,1.400000e-03,2.920000e+02,6.400000e+03,1.842797e+02,2.881500e+02,False,False,2.214462e+02,7.804000e-01,5.178900e-02,1.187580e+01,5.279748e+03,1.871000e-08,9.868000e-01,9.868000e-01,2.740000e+05
Pleurodeles_waltl,1.568040e+01,4.933294e+02,8.585018e+03,2.800000e-01,1.796000e-01,4.400000e+00,1.800000e+01,6.200000e+01,4.542798e-01,2.911500e+02,False,False,4.488707e+02,8.011700e-01,2.013800e-01,9.852650e+01,7.310536e+03,3.734000e-10,2.473000e+02,9.076000e+03,5.721000e+04
Erpetoichthys_calabaricus,1.099117e+01,1.266877e+03,4.222924e+03,2.000000e-01,1.192427e-03,1.192427e-03,3.670000e+01,6.040000e+01,5.683265e+00,2.991500e+02,False,False,5.482991e+01,9.262000e-01,9.734000e-03,1.703000e+01,5.235000e+03,6.520000e-10,2.588000e-01,2.588000e-01,1.094000e+04
Pacifastacus_leniusculus,1.284527e+02,2.999127e+03,1.913783e+04,1.700000e-01,3.500000e-02,3.500000e-02,2.900000e+01,8.940000e+01,3.657678e-01,2.831500e+02,False,False,2.098752e+02,9.136200e-01,4.727000e-02,5.661740e+01,4.346036e+03,1.419000e-08,3.236100e+00,3.236100e+00,9.641000e+03
Barbronia_weberi,2.460776e+01,1.221274e+02,1.389883e+02,1.600000e-01,1.200000e-03,1.200000e-03,8.900000e-02,9.100000e-02,4.702350e-01,2.941500e+02,False,False,1.139444e+03,6.396500e-01,2.332000e-02,4.050266e+03,4.188148e+03,6.935000e-06,1.985000e+00,1.985000e+00,1.004000e+03
Galeorhinus_galeus,7.641575e+02,1.371934e+04,4.191383e+04,2.000000e-01,1.400000e+02,1.400000e+02,1.640000e+04,3.490000e+04,2.624432e-02,2.854500e+02,False,False,6.412877e+02,5.879000e-01,4.693900e-02,1.796070e+01,5.236619e+03,2.147000e-09,1.027000e+05,1.027000e+05,2.317000e+07
Eunectes_murinus,8.649889e+01,4.857246e+02,4.857246e+03,3.000000e-01,3.330000e+02,3.330000e+02,1.500000e+04,2.500000e+05,6.176340e-01,3.021500e+02,False,False,1.342126e+03,3.439000e-01,2.530800e-02,1.497400e+01,7.847850e+03,3.439000e-10,5.770000e+05,5.770000e+05,4.598000e+07
Carcharodon_carcharias,2.505297e+02,4.156515e+03,8.313031e+03,2.000000e-01,3.500000e+04,3.500000e+04,5.787000e+05,3.324000e+06,5.052309e-02,2.971500e+02,False,False,2.192341e+03,7.930000e-01,1.176100e-01,2.008000e+01,5.226000e+03,1.822000e-09,1.138000e+07,1.138000e+07,2.583000e+08
Varanus_bengalensis,4.429374e+01,6.216943e+02,6.235926e+03,3.000000e-01,7.800000e+01,7.800000e+01,3.000000e+02,7.200000e+03,8.659500e-02,2.981500e+02,False,False,2.071871e+02,3.737800e-01,1.954100e-01,4.157400e+00,7.859314e+03,1.073000e-10,7.854000e+05,7.854000e+05,4.682000e+06
Macropus_eugenii,3.103878e+01,9.638431e+01,1.073478e+03,3.000000e-01,3.700000e-01,1.580000e+03,2.700000e+03,5.000000e+03,1.406643e-02,3.096500e+02,False,True,6.771963e+02,8.786300e-01,1.459700e-01,4.411660e+01,7.912058e+03,3.919000e-21,2.587000e+02,2.068000e+06,3.812000e+06
Eisenia_fetida,2.500000e+01,8.500000e+01,1.825000e+03,1.600000e-01,1.500000e-02,1.500000e-02,6.000000e-01,2.400000e+00,8.871429e-01,2.931500e+02,False,False,2.825885e+03,5.756000e-01,1.477000e-02,4.740832e+03,4.181769e+03,1.629000e-08,5.229000e+00,5.229000e+00,1.055000e+03
