species,ab/m,ap/m,am,d_V,Wwb/i,Wwbjx/i,Wwp/i,Wwi,Ri,T_typical,acceleration,weaning,foetus,p_Am,kap,v,p_M,E_G,h_a,E_Hb/bjx,E_Hbjx/p,E_Hp
Abramis_brama,2.374429e-03,2.023744e-01,6.603860e+03,2.000000e-01,4.628099e-07,4.628099e-07,5.272727e-02,6.050000e+03,2.271399e+03,2.911500e+02,,False,,4.010921e+02,6.636700e-01,1.641600e-02,2.334840e+01,5.228964e+03,4.116000e-08,9.998177e-01,2.318259e-06,2.366000e+05
Achoerodus_viridis,1.718845e-04,8.571429e-02,1.277500e+04,2.000000e-01,7.233796e-08,7.233796e-08,1.944444e-02,3.600000e+03,9.589041e+03,2.931500e+02,,False,,1.481794e+02,5.215400e-01,9.932900e-02,5.697500e+00,5.238883e+03,2.801000e-10,9.996738e-01,9.874396e-07,3.105000e+05
Acipenser_persicus,9.603778e-04,2.557445e-01,1.423500e+04,2.000000e-01,1.395134e-06,1.395134e-06,4.000000e-01,7.000000e+04,3.013000e+02,2.931500e+02,,False,,5.620473e+02,5.657100e-01,4.375900e-02,1.232640e+01,5.242185e+03,8.726000e-10,1.000000e+00,1.448381e-06,3.613000e+07
Acipenser_ruthenus,5.696823e-04,1.815862e-01,2.254813e+04,2.000000e-01,2.187500e-07,2.187500e-07,4.562500e-02,6.400000e+03,1.842797e+02,2.881500e+02,,False,,2.214462e+02,7.804000e-01,5.178900e-02,1.187580e+01,5.279748e+03,1.871000e-08,1.000000e+00,3.601460e-06,2.740000e+05
Actinonaias_ligamentina,1.433691e-03,1.403858e-01,1.567927e+04,9.000000e-02,5.211406e-10,5.211406e-10,2.458210e-02,1.017000e+03,2.663704e+03,2.881500e+02,,False,,3.595064e+01,9.833500e-01,3.880600e-03,1.486380e+01,2.354299e+03,9.080000e-10,4.184234e-01,1.580427e-07,5.763000e+01
Aglaoctenus_lagotis,5.348837e-02,6.837209e-01,2.336930e+02,1.700000e-01,3.708333e-04,3.708333e-04,1.347222e-01,7.200000e-01,5.081105e+00,2.998500e+02,,False,,7.909392e+00,8.572700e-01,6.203500e-03,2.514550e+01,4.434828e+03,3.764300e-07,3.136547e-02,6.525850e-02,7.555950e+01
Aldabrachelys_gigantea,9.776037e-04,1.430231e-01,4.449036e+04,3.000000e-01,4.113208e-04,4.113208e-04,1.250000e-01,1.590000e+05,7.911827e-02,2.971500e+02,,False,,7.484542e+01,8.901600e-01,6.381100e-02,1.297300e+00,7.851046e+03,4.295000e-12,1.000000e+00,2.070263e-03,2.391000e+07
Alle_alle,1.110855e-02,1.575932e-02,7.805677e+02,2.800000e-01,1.314985e-01,1.314985e-01,8.562691e-01,1.635000e+02,2.075413e-02,3.138500e+02,,False,,9.911631e+03,9.953700e-01,2.649200e-02,6.827502e+03,7.323246e+03,5.151000e-14,1.000000e+00,4.018526e-02,7.881000e+03
Alopias_pelagicus,4.675325e-02,2.701299e-01,7.637143e+03,2.000000e-01,8.431731e-02,8.431731e-02,5.382374e-01,1.373000e+05,5.041152e-03,2.998500e+02,,False,,6.022727e+02,5.805300e-01,3.872100e-02,1.131670e+01,5.235351e+03,1.975000e-10,1.000000e+00,1.023143e-01,7.389000e+07
Alopias_vulpinus,6.800000e-02,5.480000e-01,6.796051e+03,2.000000e-01,2.569378e-02,2.569378e-02,5.091899e-01,2.938000e+05,7.357214e-03,2.963500e+02,,False,,9.718533e+02,6.627600e-01,3.823000e-02,1.855490e+01,5.232035e+03,2.108000e-09,1.000000e+00,2.954145e-02,1.134000e+08
Amblyopsis_rosae,4.178082e-02,4.428767e-01,6.331621e+03,2.000000e-01,1.284151e-03,1.284151e-03,3.965695e-01,3.270642e+00,3.948436e-02,2.873500e+02,,False,,3.823698e+01,9.448000e-01,2.192100e-02,2.678800e+01,5.220430e+03,2.827000e-08,1.000000e+00,2.039711e-03,4.709000e+02
Amblyopsis_spelaea,4.595890e-02,3.969178e-01,7.115737e+03,2.000000e-01,7.536232e-04,7.536232e-04,2.463768e-01,6.900000e+00,9.837351e-02,2.861500e+02,,False,,4.598062e+01,9.019400e-01,2.183400e-02,2.414940e+01,5.223227e+03,5.117000e-08,1.000000e+00,2.243638e-03,9.235000e+02
Amphiuma_means,1.547438e-02,1.636225e-01,8.191176e+03,2.800000e-01,5.278311e-04,1.383821e-04,1.426104e-01,1.042000e+03,6.922083e-01,2.951500e+02,,False,,1.819610e+02,9.998200e-01,1.166600e-02,2.600610e+01,7.305699e+03,1.535000e-09,7.953858e-01,2.965788e-03,8.915000e+01
Amphiura_filiformis,1.070565e-04,1.200000e-01,3.304156e+04,9.000000e-02,8.955786e-08,1.407525e-03,8.168306e-01,5.846500e+00,5.022548e+02,2.841500e+02,,False,,1.439180e+01,9.914600e-01,3.039900e-02,4.150950e+01,2.347901e+03,3.000000e-09,6.978707e-03,7.163842e-06,1.770000e+02
Anarhichas_minor,3.913894e-02,3.333333e-01,9.930808e+03,2.000000e-01,3.118280e-06,3.118280e-06,2.853047e-02,2.790000e+04,7.443503e+01,2.766500e+02,,False,,3.556813e+01,7.430300e-01,7.355100e-03,2.005630e+01,5.244123e+03,5.694000e-09,1.523793e-04,6.516523e-01,8.836000e+05
Anolis_gundlachi,3.202730e-02,2.849315e-01,8.023207e+02,3.000000e-01,3.184567e-02,3.184567e-02,5.279057e-01,2.913171e+00,6.730476e-02,2.981500e+02,,False,,1.760022e+02,8.121000e-01,2.311000e-02,1.266000e+02,7.836000e+03,6.243000e-08,1.000000e+00,2.517378e-02,4.028000e+03
Aphanius_fasciatus,2.873084e-03,1.044713e-01,2.903926e+03,2.000000e-01,3.769610e-04,3.769610e-04,1.554960e-02,7.460000e+00,1.055812e+00,2.901500e+02,,False,,2.546557e+01,7.608000e-01,3.578400e-02,1.060380e+01,5.241252e+03,4.851000e-08,1.000000e+00,1.098675e-02,2.037000e+02
Aplodontia_rufa,1.225697e-02,2.122570e-01,7.527784e+02,3.000000e-01,2.266667e-02,3.493333e-01,8.444444e-01,1.125000e+03,3.653134e-02,3.111500e+02,,True,,2.940164e+03,4.014400e-01,2.806500e-02,2.922546e+02,7.806374e+03,1.254000e-13,2.891667e-02,9.322034e-02,1.416000e+07
Apodemus_sylvaticus,2.118306e-02,5.205934e-02,5.282704e+02,3.000000e-01,5.681818e-02,1.818182e-01,3.181818e-01,4.400000e+01,7.145985e-01,3.098500e+02,,True,,4.856611e+02,5.857600e-01,3.557100e-02,1.143182e+02,7.838678e+03,4.335000e-14,2.139049e-01,3.604727e-01,7.701000e+04
Archosargus_probatocephalus,1.383975e-04,6.263840e-02,7.300000e+03,2.000000e-01,2.101961e-08,2.101961e-08,5.474510e-02,1.275000e+04,3.872609e+02,2.931500e+02,,False,,1.808545e+02,9.942500e-01,8.384900e-02,2.311420e+01,5.220953e+03,1.102000e-09,5.455545e-02,5.968271e-06,1.828000e+04
Argopecten_purpuratus,1.806867e-03,3.468358e-02,2.678307e+03,9.000000e-02,6.933472e-09,5.093555e-08,8.316008e-03,2.137778e+02,6.084888e+05,2.891500e+02,,False,,5.186611e+01,9.719000e-01,3.876000e-02,5.168000e+01,2.374000e+03,5.544000e-08,6.304300e-03,6.001059e-06,7.557000e+01
Arion_subfuscus,1.150685e-01,5.726027e-01,5.860656e+02,1.500000e-01,1.851852e-03,1.851852e-03,2.129630e-01,1.080000e+01,1.023776e-01,2.911500e+02,,False,,1.852346e+02,9.814300e-01,2.802200e-02,4.659731e+02,3.916048e+03,5.021000e-06,8.366501e-03,9.975186e-01,1.209000e+02
Asellus_aquaticus,1.533415e-02,5.533415e-02,1.122072e+03,1.700000e-01,1.111111e-02,1.111111e-02,6.666667e-02,4.500000e-02,1.138630e+00,2.881500e+02,,False,,8.807004e+01,9.089200e-01,9.754100e-03,5.275728e+02,4.432120e+03,4.969000e-07,2.641248e-01,1.542508e-01,5.152000e-01
Astacus_astacus,2.811719e-02,2.947839e-01,1.435337e+04,1.700000e-01,2.052786e-04,2.052786e-04,2.639296e-01,6.820000e+01,2.090102e-01,2.831500e+02,,False,,1.449119e+02,9.062400e-01,2.285100e-02,4.261860e+01,4.435968e+03,6.321000e-08,1.000000e+00,4.307049e-04,6.696000e+03
Atherina_presbyter,1.063792e-02,1.293405e-01,3.924371e+03,2.000000e-01,3.125000e-05,3.125000e-05,3.210227e-02,7.040000e+01,8.791218e+00,2.851500e+02,,False,,1.214038e+02,6.546000e-01,2.951000e-02,3.583000e+01,5.185000e+03,5.235000e-07,3.077196e-01,2.707833e-03,4.162000e+03
Baikaiobia_guttata,6.712329e-02,2.041096e-01,2.589945e+03,7.000000e-02,3.357143e-03,3.357143e-03,1.285714e-01,2.800000e-01,3.088869e-03,2.931500e+02,,False,,7.953393e+01,9.938500e-01,1.735300e-02,3.503293e+02,1.828986e+03,6.374000e-06,1.172184e-01,1.333439e-01,3.149000e-01
Balaenoptera_borealis,2.268707e-02,1.578963e-01,6.052034e+03,3.000000e-01,3.578947e-02,3.578947e-02,8.421053e-01,1.900000e+07,6.113647e-03,3.101500e+02,,True,,3.776164e+03,7.971800e-01,8.420000e-02,2.220580e+01,7.818019e+03,1.374000e-25,3.052171e-01,7.747938e-02,1.091000e+10
Balaenoptera_musculus,1.642035e-02,6.187490e-02,8.996267e+03,3.000000e-01,1.718750e-02,1.062500e-01,4.312500e-01,1.600000e+08,4.890918e-03,3.101500e+02,,True,,6.380108e+03,9.783800e-01,1.907000e-01,2.118730e+01,7.838025e+03,9.883000e-14,3.539658e-01,8.505291e-02,3.024000e+09
Barbronia_weberi,1.770492e-01,8.786885e-01,1.389883e+02,1.600000e-01,1.318681e-02,1.318681e-02,9.780220e-01,9.100000e-02,4.702350e-01,2.941500e+02,,False,,1.139444e+03,6.396500e-01,2.332000e-02,4.050266e+03,4.188148e+03,6.935000e-06,1.000000e+00,1.977092e-03,1.004000e+03
Betta_splendens,6.849315e-04,3.410959e-02,1.767876e+03,2.000000e-01,1.106383e-04,1.106383e-04,1.276596e-01,4.700000e+00,2.206038e+00,3.011500e+02,,False,,3.456954e+01,9.997400e-01,7.418600e-02,4.417700e+01,5.217332e+03,1.034000e-10,3.336444e-03,8.942976e-03,2.157000e+01
Bimastos_rubidus,8.342945e-03,2.910419e-02,2.065010e+03,1.600000e-01,6.250000e-02,6.250000e-02,6.750000e-01,4.000000e-01,4.357171e-01,2.956500e+02,,False,,5.934821e+02,3.469100e-01,5.365000e-02,4.328040e+02,4.180384e+03,1.066000e-09,1.000000e+00,2.680621e-02,2.317000e+03
Biomphalaria_glabrata,3.611111e-02,1.394444e-01,3.600000e+02,1.500000e-01,1.650809e-04,5.957447e-02,1.872340e-01,2.350000e+00,1.370000e+02,2.931500e+02,,False,,1.848408e+02,5.410000e-01,2.103000e-02,8.688000e+02,3.950000e+03,5.001000e-07,1.363887e-03,3.427358e-01,1.060000e+03
Birgus_latro,1.099538e-03,5.109954e-02,1.931475e+04,1.700000e-01,4.100000e-07,4.100000e-07,1.180000e-01,1.000000e+03,7.144800e+02,2.831500e+02,,False,,1.350696e+01,7.625300e-01,1.161800e-02,2.025500e+00,4.400000e+03,2.574000e-15,1.588235e-01,1.887683e-05,1.567000e+05
Bombina_bombina,5.952498e-04,1.505952e-01,1.291119e+04,2.800000e-01,1.223022e-04,1.294964e-02,2.949640e-01,1.390000e+01,1.549044e+00,2.901500e+02,,False,,1.236901e+02,8.614300e-01,7.201800e-02,4.897290e+01,7.300728e+03,1.805000e-09,7.830688e-03,2.396045e-02,7.888000e+03
Boops_boops,1.369863e-03,1.863014e-01,3.522059e+03,2.000000e-01,2.425926e-06,2.425926e-06,2.060185e-01,2.160000e+02,3.564961e+02,2.911500e+02,,False,,2.975525e+02,7.885400e-01,6.279000e-02,4.939830e+01,5.221437e+03,2.236000e-08,9.990070e-01,5.165869e-06,5.848000e+04
Bos_primigenius_Angus,1.534118e-01,2.001393e-01,1.289582e+03,3.000000e-01,6.913043e-02,4.319565e-01,5.108696e-01,4.600000e+05,1.475861e-02,3.117500e+02,,True,,2.112856e+03,9.569600e-01,1.272100e-01,3.638750e+01,7.782354e+03,1.245500e-12,1.434307e-01,7.104462e-01,4.537367e+07
Bos_primigenius_Brahman,4.471932e-02,1.138213e-01,1.247866e+03,3.000000e-01,4.457143e-02,3.092857e-01,4.342857e-01,7.000000e+05,1.412662e-02,3.121500e+02,,True,,1.618308e+03,9.443900e-01,1.053400e-01,2.493850e+01,7.836059e+03,4.796900e-12,2.048777e-01,5.386533e-01,6.312538e+07
Bos_primigenius_Holstein,8.441469e-02,1.276415e-01,1.247866e+03,3.000000e-01,6.602941e-02,1.026471e-01,3.544118e-01,6.800000e+05,1.483096e-02,3.121500e+02,,True,,1.855858e+03,9.417700e-01,1.157800e-01,2.900990e+01,7.834063e+03,3.568000e-12,5.992777e-01,2.745133e-01,5.548000e+07
Brachidontes_pharaonis,7.534247e-04,1.254110e-01,1.460000e+03,9.000000e-02,1.328546e-08,2.621117e-06,5.434783e-02,1.545600e+00,1.208408e+03,2.931500e+02,,False,,8.202124e+00,9.830000e-01,1.868000e-02,1.424000e+01,2.478000e+03,4.156000e-08,1.189728e-01,1.530282e-05,2.163000e+00
Brachionus_plicatilis,9.090909e-02,1.727273e-01,1.100000e+01,6.000000e-02,1.357143e-01,1.357143e-01,7.857143e-01,2.800000e-06,4.528302e+00,2.931500e+02,,False,,9.979957e+01,3.680800e-01,1.259600e-02,4.843520e+03,1.559423e+03,1.932000e-03,1.000000e+00,5.031325e-01,6.225000e-04
Branchiostoma_floridae,1.245330e-03,2.092154e-02,7.305140e+02,6.000000e-02,1.712067e-04,7.512328e-04,6.235183e-02,4.218000e-01,6.870163e+02,3.036500e+02,,False,,6.232006e+00,8.286000e-01,1.170000e-02,2.608000e+01,1.565000e+03,3.967000e-10,2.406224e-02,1.129554e-02,8.591000e+00
Branchiura_sowerbyi,1.545455e-02,7.000000e-02,1.002538e+03,1.600000e-01,1.833333e-03,1.833333e-03,3.500000e-01,2.400000e-01,3.218497e-01,2.931500e+02,,False,,5.509754e+02,9.594200e-01,8.632900e-03,2.240851e+03,4.180457e+03,6.632000e-08,1.000000e+00,1.077239e-03,1.217000e+01
Branchotenthes_octohamatus,1.767592e-01,6.753893e-01,1.396026e+01,7.000000e-02,8.846154e-11,8.846154e-11,5.000000e-01,2.600000e-03,3.581595e+02,2.931500e+02,,False,,1.207592e-01,9.947400e-01,4.010900e-04,2.129670e+01,1.827926e+03,4.475000e-09,5.521402e-05,1.292610e-01,2.693000e-02
Caenorhabditis_elegans,2.182540e-02,1.507937e-01,2.100000e+01,7.000000e-02,5.581395e-03,5.581395e-03,4.186047e-01,4.300000e-06,2.180000e+02,2.931500e+02,,False,,1.750133e+01,8.500000e-01,8.930000e-02,2.652000e+03,1.811000e+03,2.171000e-04,1.995018e-02,2.837524e-01,9.903000e-04
Callorhinus_ursinus,2.634352e-02,2.065332e-01,2.006397e+03,3.000000e-01,1.125000e-01,1.125000e-01,6.250000e-01,4.000000e+04,1.295985e-02,3.108500e+02,,True,,2.586603e+02,8.702000e-01,2.495700e-02,8.109900e+00,7.857464e+03,1.080000e-11,5.385923e-01,9.088381e-02,3.236000e+07
Calotriton_asper,3.962065e-03,1.578082e-01,2.487917e+04,2.800000e-01,2.871429e-03,3.420185e-03,2.621429e-01,1.400000e+01,2.612627e-02,2.831500e+02,,False,,8.690360e+01,8.481100e-01,1.131100e-01,3.119870e+01,7.306736e+03,1.872000e-09,1.170964e-01,6.827465e-02,5.680000e+03
Cancer_pagurus,8.196619e-03,2.919662e-02,1.169902e+05,1.700000e-01,1.064516e-08,1.064516e-08,1.458065e-01,3.100000e+03,2.564317e+03,2.811500e+02,,False,,1.609452e+01,9.454800e-01,1.996900e-02,6.354470e+01,4.437405e+03,3.377000e-11,5.078740e-06,1.932227e-02,1.446000e+05
Carcharhinus_leucas,2.410659e-02,1.814641e-01,5.657202e+03,2.000000e-01,6.073171e-03,6.073171e-03,2.069756e-01,4.100000e+05,7.353451e-02,3.031500e+02,,False,,7.475160e+02,6.769000e-01,2.324000e-02,1.372000e+01,5.237000e+03,4.832000e-10,1.000000e+00,2.251176e-02,3.826000e+07
Carcharias_taurus,1.141553e-02,5.114155e-01,2.533755e+03,2.000000e-01,3.420074e-05,3.420074e-05,3.035688e-01,2.690000e+05,4.736055e+00,2.991500e+02,,False,,1.228548e+03,9.245500e-01,5.600500e-02,3.294260e+01,5.222046e+03,6.058000e-09,1.000000e+00,4.410089e-05,1.685000e+07
Carcharodon_carcharias,3.013699e-02,5.000000e-01,8.313031e+03,2.000000e-01,1.052948e-02,1.052948e-02,1.740975e-01,3.324000e+06,5.052309e-02,2.971500e+02,,False,,2.192341e+03,7.930000e-01,1.176100e-01,2.008000e+01,5.226000e+03,1.822000e-09,1.000000e+00,4.405730e-02,2.583000e+08
Caretta_caretta,1.311952e-03,2.699687e-01,2.105097e+04,3.000000e-01,1.193580e-04,1.193580e-04,4.857951e-01,1.626200e+05,8.911702e-01,2.931500e+02,,False,,7.472709e+02,7.285600e-01,6.807400e-02,1.120050e+01,7.322000e+03,1.112000e-10,1.000000e+00,2.567089e-04,9.875000e+07
Cerastoderma_edule,3.669101e-04,3.933531e-02,1.192109e+04,9.000000e-02,2.700000e-08,2.700000e-08,1.088889e-02,1.000000e+01,3.405372e+03,2.861500e+02,,False,,1.419325e+01,9.689000e-01,9.151600e-03,1.833310e+01,2.353289e+03,3.170100e-08,7.369650e-02,1.821429e-05,7.054900e+00
Cetorhinus_maximus,7.000000e-02,4.700000e-01,4.122610e+04,2.000000e-01,4.772804e-03,4.772804e-03,5.645161e-01,4.650000e+06,1.819236e-03,2.846500e+02,,False,,6.104264e+03,9.244500e-01,5.098800e-02,9.752900e+01,5.217647e+03,9.578000e-09,1.000000e+00,3.473761e-03,2.725000e+08
Chaenocephalus_aceratus,8.219178e-03,3.332192e-01,5.995803e+04,2.000000e-01,4.601227e-05,1.426905e-03,6.482618e-01,9.780000e+02,7.547279e+00,2.721500e+02,,False,,1.068416e+03,2.800800e-01,1.129400e-01,1.486104e+02,5.221554e+03,1.071000e-07,1.889773e-02,8.050485e-04,1.030000e+07
Channa_punctata,9.090909e-04,3.318182e-01,5.820882e+02,2.000000e-01,1.666667e-06,1.666667e-06,9.333333e-02,3.000000e+02,8.219178e+01,3.001500e+02,,False,,9.746243e+01,9.969600e-01,4.454000e-02,1.648840e+01,5.232446e+03,6.290500e-08,1.000000e+00,6.852200e-07,3.459327e+02
Chanos_chanos,1.183409e-03,2.000000e-01,2.428623e+03,2.000000e-01,2.544270e-08,2.544270e-08,3.214286e-01,1.400000e+04,2.161719e+04,3.021500e+02,,False,,7.724968e+02,7.455000e-01,4.969000e-02,3.923000e+01,5.200000e+03,6.052000e-10,7.077372e-01,2.034190e-07,3.539000e+06
Chologaster_cornuta,5.013699e-03,7.186301e-02,7.115737e+03,2.000000e-01,3.058824e-04,3.058824e-04,2.705882e-01,1.700000e+00,1.377229e-01,2.861500e+02,,False,,4.998713e+02,9.931200e-01,2.171300e-02,7.633660e+02,5.229249e+03,1.946000e-08,1.000000e+00,2.144644e-04,1.839000e+01
Chromis_chromis,1.341004e-03,1.847043e-01,3.285000e+03,2.000000e-01,1.522777e-05,7.980818e-04,3.424956e-01,2.292000e+01,2.000000e+02,2.951500e+02,,False,,4.383932e+01,8.885900e-01,3.527500e-02,3.054350e+01,5.204230e+03,6.876000e-09,6.025341e-02,1.087627e-04,6.676000e+03
Chrosomus_neogaeus,5.936073e-03,1.726027e-01,2.190000e+03,2.000000e-01,1.196581e-04,1.196581e-04,1.008547e-01,1.170000e+01,8.383562e+00,2.931500e+02,,False,,2.161959e+01,9.077300e-01,4.055000e-02,6.945830e+01,5.221161e+03,2.804000e-09,1.523269e-03,9.993450e-01,4.580000e+02
Cirrhinus_cirrhosus,5.479452e-04,8.054795e-02,4.419689e+03,2.000000e-01,4.122835e-08,4.122835e-08,1.574803e-01,1.270000e+04,5.656507e+03,3.011500e+02,,False,,1.193913e+02,9.073800e-01,1.981700e-02,1.688460e+01,5.214651e+03,2.051000e-10,4.840637e-02,4.006385e-06,6.265000e+05
Claudius_angustatus,2.111983e-02,3.316788e-01,2.846280e+03,3.000000e-01,9.500000e-03,9.500000e-03,2.962500e-01,4.000000e+02,3.393904e-02,3.011500e+02,,False,,5.079112e+01,8.674500e-01,4.379700e-02,6.367700e+00,7.863812e+03,3.786000e-10,1.000000e+00,1.784454e-02,2.097000e+05
Clione_limacina,1.173188e-03,1.122908e-02,4.351653e+03,1.500000e-01,2.289377e-08,1.302666e-05,5.494505e-03,3.640000e+00,1.378786e+02,2.791500e+02,,False,,2.349618e+01,9.961000e-01,3.755000e-03,2.919000e+02,3.920000e+03,4.914000e-05,3.743515e-04,4.150740e-03,1.486000e-01
Clypeaster_subdepressus,7.402962e-05,1.250740e-01,2.344262e+04,9.000000e-02,1.020000e-08,1.112823e-08,3.700000e-02,5.000000e+02,8.190210e+03,2.991500e+02,,False,,1.008441e+01,8.000000e-01,1.336000e-02,3.622600e+00,2.376252e+03,9.252000e-10,3.084782e-02,7.030784e-06,1.072000e+04
Corydoras_aeneus,1.643836e-03,8.383562e-02,1.154801e+03,2.000000e-01,2.000000e-04,2.000000e-04,3.637500e-01,3.200000e+00,2.597850e+00,2.981500e+02,,False,,1.454308e+02,9.823700e-01,5.977400e-02,1.125113e+02,5.223279e+03,3.769000e-09,9.997635e-01,2.425703e-04,1.743000e+02
Crassostrea_virginica,1.583100e-04,7.612822e-03,7.300000e+03,9.000000e-02,4.189944e-09,2.094972e-07,3.351955e-03,3.977778e+02,1.300000e+06,2.931500e+02,,False,,1.142673e+01,6.810300e-01,2.198600e-02,4.165700e+00,2.315063e+03,9.487000e-10,1.734056e-02,7.389117e-05,9.740000e+02
Crinia_georgiana,1.698630e-02,2.339726e-01,5.754712e+03,2.800000e-01,2.416667e-03,1.959167e-02,1.666667e-01,4.285714e+00,1.737706e-01,2.851500e+02,,False,,6.956839e+02,8.590000e-01,5.556000e-02,4.687000e+02,7.350000e+03,5.200000e-07,1.091949e-01,4.199288e-02,1.686000e+03
Crocodylus_johnsoni,1.741830e-03,2.500000e-01,1.516884e+04,3.000000e-01,1.578947e-03,1.578947e-03,2.812030e-01,2.660000e+04,4.285099e-02,2.951500e+02,,False,,1.149531e+03,9.700000e-01,7.124000e-02,5.592000e+01,7.461000e+03,1.065000e-10,1.000000e+00,1.073047e-03,2.163000e+06
Crocodylus_mindorensis,1.283436e-03,6.795010e-02,2.076325e+04,3.000000e-01,6.706507e-04,6.706507e-04,1.992032e-01,7.530000e+04,2.167291e-01,2.981500e+02,,False,,6.732272e+02,8.864500e-01,3.998700e-02,2.104280e+01,7.842835e+03,6.437000e-11,1.000000e+00,2.950433e-03,5.084000e+06
Crocodylus_porosus,1.733444e-03,1.947159e-01,1.578007e+04,3.000000e-01,1.494737e-04,1.494737e-04,1.157895e-01,4.750000e+05,1.806076e-01,2.951500e+02,,False,,7.324583e+02,9.091900e-01,2.337600e-02,1.531620e+01,7.864994e+03,3.890000e-10,1.000000e+00,5.955801e-04,1.810000e+07
Ctenophorus_adelaidensis,1.662105e-02,6.736866e-02,6.294838e+02,3.000000e-01,1.074074e-01,1.074074e-01,4.629630e-01,5.400000e+00,1.429743e-02,3.031500e+02,,False,,2.481703e+02,9.083800e-01,1.718300e-02,1.577668e+02,7.838702e+03,5.139000e-08,1.000000e+00,9.626750e-02,2.572000e+03
Ctenophorus_ornatus,4.561383e-02,1.038872e-01,1.539823e+03,3.000000e-01,4.710089e-02,4.710089e-02,3.312899e-01,3.915000e+01,4.141013e-02,3.031500e+02,,False,,3.050411e+02,5.822500e-01,1.555200e-02,9.335620e+01,7.805840e+03,7.809000e-09,1.000000e+00,5.573576e-02,5.056000e+04
Cuora_flavomarginata,7.156115e-03,7.401404e-01,4.828215e+03,3.000000e-01,1.000000e-02,1.000000e-02,6.680000e-01,1.000000e+03,3.560322e-02,2.971500e+02,,False,,1.100735e+02,5.647800e-01,3.866000e-02,6.927800e+00,7.866447e+03,9.711000e-10,1.000000e+00,6.679005e-03,6.754000e+06
Cyprideis_torosa,2.739726e-02,3.013699e-01,5.860656e+02,1.700000e-01,2.250000e-03,2.250000e-03,5.150000e-01,1.176471e-04,6.227972e-02,2.881500e+02,,False,,6.367405e+00,9.901000e-01,4.121000e-03,2.588000e+02,4.442000e+03,2.150000e-06,1.399765e-01,1.608634e-02,4.239000e-03
Daphnia_pulex,1.070439e-01,2.403773e-01,5.400000e+01,1.700000e-01,1.529412e-02,1.529412e-02,1.117647e-01,1.000000e-02,7.000000e+00,2.931500e+02,,False,,5.208255e+02,4.378000e-01,4.889000e-02,1.599000e+03,4.448000e+03,7.909000e-05,1.000000e+00,6.622517e-02,3.926000e+00
Deania_calcea,4.058708e-02,3.977299e-01,5.565469e+04,2.000000e-01,1.322727e-02,1.322727e-02,7.272727e-01,6.600000e+03,6.715047e-03,2.781500e+02,,False,,7.149429e+02,7.070300e-01,7.392500e-02,3.758680e+01,5.219922e+03,3.080000e-08,1.000000e+00,1.069013e-02,7.274000e+06
Deania_calceus,4.058708e-02,3.977299e-01,5.565469e+04,2.000000e-01,1.322727e-02,1.322727e-02,7.272727e-01,6.600000e+03,6.715047e-03,2.781500e+02,,False,,7.149429e+02,7.070300e-01,7.392500e-02,3.758680e+01,5.219922e+03,3.080000e-08,1.000000e+00,1.069013e-02,7.274000e+06
Dendrobaena_octaedra,6.301370e-02,9.178082e-02,1.460000e+03,1.600000e-01,7.435233e-03,7.435233e-03,4.119171e-01,3.860000e-01,7.770000e-01,2.931500e+02,,False,,1.627087e+03,7.986100e-01,2.081100e-02,4.984113e+03,4.183129e+03,1.714000e-08,1.000000e+00,3.076281e-03,1.678000e+02
Dermatemys_mawii,4.818430e-02,6.676533e-01,1.997699e+03,3.000000e-01,1.418182e-03,1.418182e-03,4.818182e-01,2.200000e+04,2.262603e-01,3.011500e+02,,False,,5.841863e+02,7.996100e-01,1.259800e-02,3.138180e+01,7.823517e+03,8.179000e-09,1.000000e+00,2.180809e-03,5.044000e+06
Dicologlossa_cuneata,9.132420e-04,4.269406e-01,2.647396e+03,2.000000e-01,1.390989e-06,1.390989e-06,2.976615e-01,9.921000e+01,9.624797e+01,2.913500e+02,,False,,3.641489e+01,9.353800e-01,2.161900e-02,2.613100e+01,5.219388e+03,3.979000e-08,2.973554e-02,1.011706e-04,1.196000e+04
Dipodomys_stephensi,3.068848e-02,5.653229e-02,7.933072e+02,3.000000e-01,1.076923e-01,1.076923e-01,8.461538e-01,6.500000e+01,1.222729e-01,3.101500e+02,,True,,5.978847e+03,9.305600e-01,3.545200e-02,4.148901e+03,7.852485e+03,8.141000e-12,7.756859e-02,1.228685e-01,1.513000e+05
Egernia_cunninghami,3.069038e-03,4.711704e-02,1.243969e+04,3.000000e-01,2.127379e-02,2.127379e-02,5.535421e-01,3.633579e+02,2.765342e-02,2.981500e+02,,False,,4.724682e+02,7.625000e-01,1.183700e-02,8.437130e+01,7.779352e+03,1.845000e-10,1.000000e+00,1.303177e-02,3.714000e+05
Egernia_striolata,4.595121e-03,4.253551e-02,7.153308e+03,3.000000e-01,6.517477e-02,6.517477e-02,5.803625e-01,4.645970e+01,1.397955e-02,2.981500e+02,,False,,1.643588e+02,5.949000e-01,1.434600e-02,3.404730e+01,7.728243e+03,5.744000e-10,1.000000e+00,7.969142e-02,1.037000e+05
Eisenia_andrei,8.342945e-03,2.218378e-02,2.065010e+03,1.600000e-01,2.150538e-02,2.150538e-02,8.301075e-01,9.300000e-01,1.216442e+00,2.956500e+02,,False,,1.401428e+03,5.540000e-01,7.365000e-02,1.467214e+03,4.180384e+03,8.618000e-10,1.000000e+00,5.632653e-03,3.430000e+03
Eisenia_fetida,1.369863e-02,4.657534e-02,1.825000e+03,1.600000e-01,6.250000e-03,6.250000e-03,2.500000e-01,2.400000e+00,8.871429e-01,2.931500e+02,,False,,2.825885e+03,5.756000e-01,1.477000e-02,4.740832e+03,4.181769e+03,1.629000e-08,1.000000e+00,4.956398e-03,1.055000e+03
Elseya_dentata,1.691526e-02,6.361813e-01,4.210615e+03,3.000000e-01,2.805281e-03,2.805281e-03,5.850585e-01,6.666000e+03,2.070957e-02,3.001500e+02,,False,,2.490832e+02,8.833100e-01,1.230500e-02,1.954740e+01,7.850949e+03,1.285000e-09,1.000000e+00,1.521656e-03,4.202000e+06
Emydura_macquarii,1.022481e-02,4.886937e-01,6.340577e+03,3.000000e-01,2.000000e-03,2.000000e-03,6.672500e-01,4.000000e+03,1.186643e-01,2.951500e+02,,False,,2.940998e+02,7.362000e-01,6.046400e-02,1.640250e+01,7.857860e+03,1.211000e-09,1.000000e+00,1.169521e-03,1.168000e+07
Engraulis_encrasicolus,1.627133e-03,1.261493e-01,4.134504e+03,2.000000e-01,2.753814e-07,2.165661e-02,1.080746e-01,4.386146e+01,5.038684e+02,2.881500e+02,,False,,1.113720e+01,9.901000e-01,1.944000e-02,5.467000e+01,5.077000e+03,8.464000e-08,1.814271e-04,2.762705e-03,2.440000e+02
Enteromius_liberiensis,3.082192e-03,1.280822e-01,2.022289e+03,2.000000e-01,4.201681e-05,4.201681e-05,1.647059e-01,2.380000e+01,1.977957e+00,2.971500e+02,,False,,5.079807e+01,9.886700e-01,2.765400e-02,2.964030e+01,5.220574e+03,3.494000e-09,2.852340e-01,5.863935e-04,2.587000e+02
Erpetoichthys_calabaricus,2.602740e-03,3.000000e-01,4.222924e+03,2.000000e-01,1.974217e-05,1.974217e-05,6.076159e-01,6.040000e+01,5.683265e+00,2.991500e+02,,False,,5.482991e+01,9.262000e-01,9.734000e-03,1.703000e+01,5.235000e+03,6.520000e-10,1.000000e+00,2.365631e-05,1.094000e+04
Esox_lucius,2.227327e-03,1.500000e-01,1.296293e+04,2.000000e-01,1.951220e-07,1.951220e-07,3.691057e-02,2.460000e+04,1.542861e+02,2.851500e+02,,False,,8.050561e+02,9.281600e-01,2.321700e-02,5.176990e+01,5.230260e+03,3.822000e-08,1.000000e+00,2.568877e-06,9.183000e+04
Esox_masquinongy,9.132420e-04,1.009132e-01,1.806589e+04,2.000000e-01,3.324675e-07,3.324675e-07,7.272727e-02,3.850000e+04,7.472646e+02,2.861500e+02,,False,,9.556982e+02,6.785800e-01,8.637400e-02,2.875540e+01,5.222300e+03,3.813000e-09,1.000000e+00,3.016228e-06,3.081000e+06
Esox_niger,1.826484e-03,1.129376e-01,6.281678e+03,2.000000e-01,1.344262e-06,1.344262e-06,5.131148e-03,6.100000e+03,4.298215e+01,2.841500e+02,,False,,3.350750e+02,9.212200e-01,2.538400e-01,1.844460e+01,5.229805e+03,5.552000e-08,1.000000e+00,2.399831e-04,1.183000e+04
Eulamprus_quoyii,7.129651e-03,3.770682e-02,5.556072e+03,3.000000e-01,2.320574e-02,2.320574e-02,2.631579e-01,4.180000e+01,1.079900e-02,2.991500e+02,,False,,1.686566e+02,8.520800e-01,2.833500e-02,5.030240e+01,7.827881e+03,1.118000e-08,1.000000e+00,5.883866e-02,1.438000e+04
Eunectes_murinus,1.780822e-02,1.000000e-01,4.857246e+03,3.000000e-01,1.332000e-03,1.332000e-03,6.000000e-02,2.500000e+05,6.176340e-01,3.021500e+02,,False,,1.342126e+03,3.439000e-01,2.530800e-02,1.497400e+01,7.847850e+03,3.439000e-10,1.000000e+00,1.254893e-02,4.598000e+07
Eutrigla_gurnardus,6.650419e-04,2.777778e-01,1.165065e+04,2.000000e-01,1.076923e-06,1.076923e-06,2.846154e-02,1.300000e+03,2.317466e+02,2.791500e+02,,False,,8.482896e+01,4.708200e-01,1.897900e-01,3.013140e+01,5.219397e+03,3.735000e-08,1.805267e-03,1.656460e-02,2.384000e+05
Fenneropenaeus_chinensis,5.060373e-03,9.898172e-02,9.921714e+02,1.700000e-01,1.252723e-07,9.926471e-05,2.941176e-02,9.180000e+01,1.988395e+03,2.911500e+02,,False,,3.242806e+03,9.382700e-01,1.914800e-02,3.156154e+03,4.435152e+03,1.821000e-06,4.155912e-01,1.134086e-06,2.036000e+02
Forbesichthys_agassizii,8.356164e-03,7.520548e-02,7.115737e+03,2.000000e-01,7.567568e-04,7.567568e-04,1.405405e-01,3.700000e+00,2.136110e-01,2.861500e+02,,False,,2.123106e+02,9.488200e-01,2.431100e-02,1.855435e+02,5.226597e+03,2.902000e-08,1.000000e+00,2.491242e-03,1.256000e+02
Fratercula_arctica,6.083789e-03,9.105546e-03,1.965874e+03,2.800000e-01,1.009174e-01,1.009174e-01,6.509174e-01,4.360000e+02,2.075413e-02,3.138500e+02,,False,,1.779764e+03,9.949200e-01,8.739100e-02,3.739253e+02,7.336196e+03,3.908000e-20,1.000000e+00,3.898414e-02,2.333000e+04
Galeocerdo_cuvier,5.050429e-02,3.069145e-01,5.764292e+03,2.000000e-01,8.120629e-04,8.120629e-04,1.389860e-01,1.144000e+06,2.368027e-02,2.991500e+02,,False,,9.539094e+02,9.769000e-01,2.173000e-02,1.974230e+01,5.221196e+03,1.815000e-09,1.000000e+00,4.824364e-03,3.103000e+06
Galeopterus_variegatus,3.286506e-02,1.757222e-01,1.431224e+03,3.000000e-01,2.000000e-02,2.000000e-02,7.428571e-01,1.750000e+03,6.866096e-02,3.101500e+02,,True,,2.746939e+02,7.167700e-01,2.561000e-02,2.283260e+01,7.859151e+03,6.275600e-13,1.385515e-01,1.564420e-01,2.179788e+06
Galeorhinus_galeus,1.823163e-02,3.273225e-01,4.191383e+04,2.000000e-01,4.011461e-03,4.011461e-03,4.699140e-01,3.490000e+04,2.624432e-02,2.854500e+02,,False,,6.412877e+02,5.879000e-01,4.693900e-02,1.796070e+01,5.236619e+03,2.147000e-09,1.000000e+00,4.432456e-03,2.317000e+07
Gammarus_fossarum,6.215027e-02,1.223161e-01,1.567182e+03,1.700000e-01,1.907090e-03,1.907090e-03,2.200489e-01,4.090000e-02,3.060522e-01,2.861500e+02,,False,,3.054007e+01,8.811800e-01,9.576700e-03,4.648856e+02,4.451204e+03,1.609000e-06,3.903415e-03,9.990253e-01,1.026000e+01
Gammarus_pseudolimnaeus,4.028747e-02,2.085676e-01,1.101921e+03,1.700000e-01,1.739130e-03,1.739130e-03,1.330435e-01,6.764706e-02,1.544004e-01,2.851500e+02,,False,,2.001373e+01,9.133400e-01,1.509600e-02,1.239950e+02,4.435986e+03,5.889200e-06,4.692928e-02,2.085436e-01,4.502800e+00
Gammarus_pulex,1.035249e-01,6.581226e-01,1.082696e+03,1.700000e-01,2.647059e-03,2.647059e-03,9.803922e-02,5.100000e-02,3.183411e-01,2.861500e+02,,False,,4.028563e+01,8.942400e-01,1.776000e-02,3.233844e+02,4.452863e+03,3.032000e-06,2.973224e-02,5.162200e-01,3.545000e+00
Gammarus_roeselii,4.210610e-03,2.748732e-01,2.502689e+03,1.700000e-01,2.081218e-03,2.081218e-03,1.692047e-01,5.910000e-02,5.949982e+00,2.861500e+02,,False,,4.613270e+01,8.279100e-01,1.384600e-02,3.985945e+02,4.371374e+03,1.373000e-05,1.583255e-02,4.182609e-01,1.265000e+01
Gasterosteus_aculeatus,3.304615e-03,4.178082e-02,2.920000e+03,2.000000e-01,4.736583e-04,4.736583e-04,1.152044e-01,7.213263e+00,4.383562e-01,2.931500e+02,,False,,1.947187e+02,9.844000e-01,7.262000e-02,1.161000e+02,5.224000e+03,3.887000e-09,1.000000e+00,2.346745e-03,7.879000e+01
Globicephala_macrorhynchus,3.174603e-02,1.746032e-01,5.152407e+03,3.000000e-01,6.239460e-02,6.239460e-02,6.593592e-01,5.930000e+05,2.445459e-03,3.101500e+02,,True,,7.449805e+02,9.237000e-01,1.329300e-02,1.716300e+01,7.845274e+03,7.087000e-13,2.517750e-01,2.263008e-01,8.091000e+07
Globicephala_melas,2.054795e-02,1.555479e-01,4.907055e+03,3.000000e-01,6.818182e-02,6.818182e-02,5.520909e-01,1.100000e+06,2.445459e-03,3.101500e+02,,True,,8.058366e+02,9.104800e-01,1.440000e-02,1.490720e+01,7.856346e+03,1.308000e-12,2.779470e-01,2.863758e-01,1.490000e+08
Gobio_gobio,5.136986e-03,3.176370e-01,4.259283e+03,2.000000e-01,5.383023e-06,5.383023e-06,5.362319e-02,9.660000e+01,1.282845e+01,2.891500e+02,,False,,1.622008e+02,9.683500e-01,1.089800e-02,5.189730e+01,5.201724e+03,1.514000e-07,9.994344e-01,3.973034e-05,4.450000e+02
Gopherus_agassizii,3.021441e-03,2.429656e-01,1.587497e+04,3.000000e-01,1.112010e-02,1.112010e-02,4.969672e-01,2.473000e+03,3.164731e-02,2.971500e+02,,False,,9.198365e+01,5.274500e-01,4.085200e-02,3.823500e+00,7.861172e+03,3.649000e-11,1.000000e+00,1.163621e-02,1.204000e+07
Gopherus_polyphemus,2.020656e-03,8.686914e-02,4.170971e+04,3.000000e-01,7.072727e-03,7.072727e-03,5.054545e-01,5.500000e+03,2.808699e-02,2.971500e+02,,False,,1.783910e+02,7.435200e-01,2.074300e-02,9.947300e+00,7.863083e+03,4.164000e-12,1.000000e+00,5.343300e-03,9.030000e+06
Hemidactylus_turcicus,2.640698e-02,1.729500e-01,1.377678e+03,3.000000e-01,6.690909e-02,6.690909e-02,4.545455e-01,5.500000e+00,1.302935e-02,2.981500e+02,,False,,9.856150e+01,8.528400e-01,3.852200e-02,5.025240e+01,7.758203e+03,4.963000e-08,1.000000e+00,1.302952e-01,3.083000e+03
Heteronotia_binoei,5.076833e-03,9.103901e-03,5.475000e+03,3.000000e-01,3.926334e-02,3.926334e-02,4.483208e-01,4.323691e+00,4.804153e-02,2.991500e+02,,False,,4.636495e+01,8.973300e-01,7.429100e-03,3.299600e+01,7.913671e+03,4.414000e-09,1.000000e+00,8.978686e-02,1.126000e+03
Heteronotia_binoei_3N1A,5.644482e-03,1.015589e-02,5.475000e+03,3.000000e-01,4.742320e-02,4.742320e-02,3.380974e-01,3.831962e+00,3.322151e-02,2.991500e+02,,False,,5.018636e+01,9.137500e-01,8.164400e-03,3.795860e+01,7.904216e+03,3.848000e-09,1.000000e+00,1.252039e-01,7.479000e+02
Heteronotia_binoei_3N1B,5.754354e-03,1.023887e-02,5.475000e+03,3.000000e-01,4.611185e-02,4.611185e-02,4.152222e-01,4.323691e+00,2.906587e-02,2.991500e+02,,False,,4.983759e+01,9.228800e-01,8.383900e-03,3.606250e+01,7.907380e+03,3.957000e-09,1.000000e+00,1.068362e-01,8.455000e+02
Heteronotia_binoei_EA6,5.383868e-03,1.017952e-02,5.475000e+03,3.000000e-01,5.046082e-02,5.046082e-02,5.664948e-01,3.169125e+00,2.514441e-02,2.991500e+02,,False,,5.326876e+01,9.352500e-01,8.300000e-03,4.243940e+01,7.873270e+03,3.678000e-09,1.000000e+00,8.279961e-02,7.151000e+02
Heteronotia_binoei_SM6,5.177216e-03,8.989088e-03,5.475000e+03,3.000000e-01,3.449265e-02,3.449265e-02,5.104141e-01,5.435400e+00,5.190283e-02,2.991500e+02,,False,,5.181988e+01,9.044800e-01,6.920100e-03,3.559390e+01,7.920539e+03,4.950000e-09,1.000000e+00,6.695745e-02,1.410000e+03
Hippocampus_kuda,1.315068e-02,6.684932e-02,8.996814e+02,2.000000e-01,2.695652e-05,2.695652e-05,1.017391e-01,1.150000e+02,5.557523e+00,3.009500e+02,,False,,4.154754e+01,9.940400e-01,2.268200e-02,4.536060e+01,5.217958e+03,3.368000e-09,6.302183e-03,3.040361e-02,3.766000e+02
Holothuria_scabra,6.849315e-05,2.506849e-02,9.238408e+03,9.000000e-02,2.100000e-09,1.569218e-05,9.000000e-02,2.000000e+03,7.360575e+04,2.981500e+02,,False,,1.099942e+01,9.830400e-01,4.699300e-02,1.153840e+01,2.358195e+03,6.711000e-12,4.922148e-04,3.447634e-05,9.128000e+03
Homarus_gammarus,2.043556e-02,1.204356e-01,7.019414e+04,1.700000e-01,1.666667e-06,2.566667e-05,5.516667e-02,6.000000e+03,9.359755e+00,2.811500e+02,,False,,1.716380e+02,8.957600e-01,2.075100e-02,2.428930e+01,4.400000e+03,4.083000e-09,1.352335e-01,1.748109e-04,8.329000e+04
Homo_sapiens,1.368910e-02,1.646963e-01,6.951661e+03,3.000000e-01,4.872059e-02,1.727941e-01,7.058824e-01,6.800000e+04,4.462962e-03,3.101500e+02,,True,,1.189921e+02,7.865600e-01,3.146100e-02,2.582600e+00,7.879555e+03,2.281000e-15,3.573551e-01,1.542517e-01,8.726000e+07
Huso_huso,8.338297e-04,3.486599e-01,2.695902e+04,2.000000e-01,2.031250e-08,2.031250e-08,1.562500e-02,3.200000e+06,3.412555e+03,2.881500e+02,,False,,1.899262e+03,4.308100e-01,1.551200e-02,1.667810e+01,5.226676e+03,1.154000e-08,1.000000e+00,5.696248e-07,2.772000e+07
Hyalella_azteca,6.259500e-03,1.761002e-02,1.607027e+03,1.700000e-01,2.286485e-03,2.286485e-03,2.080130e-02,1.749410e-02,1.442527e+00,2.981500e+02,,False,,6.417619e+01,8.753800e-01,1.708200e-02,2.852572e+02,4.435942e+03,5.434000e-05,9.989299e-01,6.757050e-02,2.766000e-01
Hydrochoerus_hydrochaeris,1.299674e-01,2.302413e-01,1.216607e+03,3.000000e-01,1.648352e-02,1.648352e-02,4.395604e-01,9.100000e+04,9.863500e-02,3.102500e+02,,True,,1.245327e+03,9.381900e-01,5.927500e-01,2.690440e+01,7.796017e+03,2.578100e-22,5.320875e-01,2.880286e-02,3.792593e+07
Hydromys_chrysogaster,5.339859e-02,9.993640e-02,6.172465e+02,3.000000e-01,3.694118e-02,1.764706e-01,5.094118e-01,8.500000e+02,1.011657e-01,3.097500e+02,,True,,9.289840e+02,9.610400e-01,2.075300e-01,1.106089e+02,7.836110e+03,4.272000e-20,1.332625e-01,1.647677e-01,3.142000e+05
Hyla_arborea,4.806454e-04,1.567367e-02,1.420231e+04,2.800000e-01,3.750000e-04,1.250000e-01,3.541667e-01,4.800000e+00,3.412587e+00,2.901500e+02,,False,,8.277984e+02,7.188400e-01,1.803000e-02,7.015085e+02,7.318490e+03,2.147000e-09,1.371490e-03,2.159525e-01,3.034000e+03
Hyperolius_viridiflavus,1.245330e-03,1.643836e-02,5.081125e+03,2.800000e-01,5.142857e-04,3.714286e-02,2.228571e-01,3.500000e+00,4.286453e+00,2.981500e+02,,False,,2.016008e+02,8.920700e-01,2.049300e-02,1.632701e+02,7.314550e+03,1.109000e-10,8.939259e-03,9.599071e-02,8.181000e+02
Hypsibius_convergens,8.333333e-03,2.166667e-02,9.000000e+02,7.000000e-02,5.374494e-02,5.374494e-02,3.542510e-01,9.880000e-07,1.000000e-01,2.931500e+02,,False,,2.910124e+00,9.409000e-01,1.776000e-03,4.167000e+02,1.822000e+03,2.152000e-08,3.990453e-01,2.601946e-01,4.831000e-05
Ichthyophis_kohtaoensis,2.054795e-02,2.205479e-01,2.768433e+03,2.800000e-01,5.337079e-03,5.337079e-02,1.235955e-01,3.560000e+02,1.697711e-01,2.961500e+02,,False,,1.690229e+02,7.136300e-01,2.606800e-02,2.098940e+01,7.318445e+03,8.446000e-09,8.487995e-02,3.796034e-01,8.119000e+04
Ictalurus_furcatus_JR,4.049789e-04,2.804050e-01,1.175997e+04,2.000000e-01,2.405378e-06,2.405378e-06,1.547133e-02,2.572500e+04,2.545074e+02,2.931500e+02,,False,,2.631498e+02,6.716100e-01,3.487100e-02,1.476290e+01,6.967620e+03,4.151000e-09,1.331862e-01,1.698705e-04,1.467000e+06
Isurus_oxyrinchus,4.308647e-02,6.055865e-01,6.756679e+03,2.000000e-01,3.954132e-03,3.954132e-03,3.954132e-01,5.058000e+05,1.821559e-02,2.991500e+02,,False,,8.127857e+02,8.727800e-01,2.165200e-02,1.885930e+01,5.227650e+03,9.015000e-10,1.000000e+00,5.965194e-03,3.735000e+07
Labeo_catla,5.479452e-04,2.005479e-01,1.767876e+03,2.000000e-01,1.356477e-08,1.356477e-08,5.181347e-02,3.860000e+04,2.036342e+04,3.011500e+02,,False,,8.762749e+01,9.283000e-01,3.937300e-03,2.316520e+01,5.262732e+03,9.326000e-09,6.291180e-03,2.571038e-05,2.196000e+05
Lagorchestes_conspicillatus,3.526592e-02,1.482796e-01,6.557137e+02,3.000000e-01,1.288636e-04,2.159091e-01,4.318182e-01,4.400000e+03,3.201620e-02,3.091500e+02,,True,,7.112773e+02,7.674100e-01,3.297100e-02,5.267620e+01,7.832637e+03,4.655900e-11,3.425336e-04,3.976467e-01,2.738171e+06
Lagorchestes_hirsutus,3.535513e-02,1.038483e-01,9.384047e+02,3.000000e-01,4.580153e-04,3.816794e-01,9.923664e-01,1.310000e+03,4.107396e-02,3.096500e+02,,True,,6.016192e+02,7.565600e-01,1.607700e-01,4.654950e+01,7.830911e+03,2.361000e-17,6.941015e-04,3.043841e-01,4.790000e+06
Lagostrophus_fasciatus,4.330868e-02,1.925624e-01,4.763115e+02,3.000000e-01,1.428571e-04,4.285714e-01,4.761905e-01,2.100000e+03,1.406643e-02,3.096500e+02,,True,,4.136164e+02,8.996800e-01,4.265400e-02,3.830390e+01,7.829092e+03,5.074700e-11,2.045964e-04,7.736357e-01,7.189474e+05
Larimichthys_polyactis,4.871713e-04,3.026680e-02,1.388441e+04,2.000000e-01,1.186709e-06,1.186709e-06,5.359375e-03,1.011200e+03,3.478722e+02,2.911500e+02,,False,,6.177799e+02,5.598600e-01,3.463500e-02,5.667310e+01,5.217896e+03,5.773000e-09,9.998933e-01,1.508292e-04,6.211000e+03
Lepidochelys_kempii,1.269524e-03,2.279917e-01,1.761029e+04,3.000000e-01,3.111111e-04,3.111111e-04,9.977778e-01,4.500000e+04,6.030000e-01,2.931500e+02,,False,,7.283207e+02,6.929000e-01,4.241000e-02,2.017000e+01,7.841000e+03,1.421000e-09,1.000000e+00,3.629386e-04,3.648000e+07
Lepidochelys_olivacea,1.225024e-03,3.400000e-01,1.825000e+04,3.000000e-01,4.250000e-04,4.250000e-04,1.122500e+00,4.000000e+04,1.780822e-01,2.931500e+02,,False,,9.719230e+02,8.942900e-01,5.756400e-02,3.238500e+01,7.354518e+03,3.273000e-10,1.000000e+00,1.873532e-04,2.554000e+07
Lepomis_cyanellus,5.479452e-04,5.000000e-02,2.309602e+03,2.000000e-01,5.447917e-07,5.447917e-07,7.291667e-03,9.600000e+02,1.125735e+02,2.981500e+02,,False,,1.686717e+02,9.923700e-01,7.457900e-02,1.936360e+01,5.210845e+03,2.585000e-09,9.991708e-01,5.667293e-05,2.128000e+02
Lepomis_macrochirus,1.976234e-03,1.490626e-01,2.732673e+03,2.000000e-01,1.347979e-05,1.347979e-05,4.165197e-02,3.402000e+02,4.037591e+02,2.981500e+02,,False,,1.461372e+02,7.525200e-01,7.027300e-02,2.489330e+01,5.225398e+03,3.151000e-09,3.766499e-01,3.551957e-04,2.069000e+04
Leptomysis_lingvura,3.498778e-02,1.193701e-01,5.860656e+02,1.700000e-01,1.310627e-02,1.310627e-02,3.324251e-01,4.317647e-03,1.335052e-01,2.931500e+02,,False,,1.135186e+02,9.000000e-01,6.125100e-03,1.724333e+03,4.442307e+03,1.490000e-06,1.977338e-01,7.973025e-02,7.859000e-01
Leucoraja_naevus,2.685910e-02,6.697162e-01,5.110000e+03,2.000000e-01,2.104630e-03,2.104630e-03,3.490679e-01,3.326000e+03,2.465753e-01,2.931500e+02,,False,,3.279307e+02,3.982600e-01,3.006100e-02,1.324010e+01,5.239754e+03,1.050000e-08,1.000000e+00,4.241674e-03,3.633000e+06
Liopholis_inornata,2.402236e-02,8.928309e-02,2.431929e+03,3.000000e-01,8.642207e-02,8.642207e-02,3.564167e-01,2.140657e+01,2.467177e-02,2.981500e+02,,False,,8.727265e+01,4.572100e-01,1.966300e-02,1.555570e+01,7.715442e+03,3.353000e-09,1.000000e+00,1.861247e-01,6.544000e+04
Liopholis_striata,1.246446e-02,1.158156e-01,2.350935e+03,3.000000e-01,5.737878e-02,5.737878e-02,4.638875e-01,4.056377e+01,3.402902e-02,2.981500e+02,,False,,9.099490e+01,5.711000e-01,4.310200e-02,1.479830e+01,7.654282e+03,1.860000e-09,1.000000e+00,8.738739e-02,1.332000e+05
Lissotriton_boscai,8.561644e-03,3.835616e-01,6.278993e+03,2.800000e-01,1.527273e-03,2.111032e-02,1.400000e-01,2.750000e+00,2.165952e-01,2.931500e+02,,False,,7.249099e+01,5.909100e-01,6.171300e-02,3.263420e+01,7.298649e+03,3.639000e-08,4.616635e-02,1.570638e-01,2.350000e+03
Lissotriton_helveticus,3.424658e-03,2.117580e-01,9.418490e+03,2.800000e-01,3.461538e-04,3.461538e-04,1.846154e-01,5.200000e+00,3.822269e-01,2.931500e+02,,False,,9.292066e+01,8.674300e-01,7.613700e-02,4.965940e+01,7.304995e+03,1.075000e-08,1.421715e-01,7.792765e-03,1.631000e+03
Lissotriton_vulgaris,3.424658e-03,8.561644e-02,1.569748e+04,2.800000e-01,1.576923e-03,1.576923e-03,1.400000e-01,5.200000e+00,4.459314e-01,2.931500e+02,,False,,1.625909e+02,6.103600e-01,6.083900e-02,6.217980e+01,7.307366e+03,2.854000e-09,1.149570e-01,4.910670e-02,4.030000e+03
Lobatus_gigas,2.739726e-04,8.777397e-02,7.725899e+03,1.500000e-01,2.800000e-08,2.800000e-08,6.000000e-01,5.000000e+02,1.760313e+04,3.001500e+02,,False,,1.945736e+01,8.670000e-01,1.172600e-02,1.504730e+01,3.938833e+03,1.929000e-11,4.419011e-03,6.282848e-06,2.093000e+05
Lota_lota,1.278408e-02,2.127841e-01,1.423147e+04,2.000000e-01,1.529412e-08,1.529412e-08,9.411765e-03,3.400000e+04,1.826937e+03,2.861500e+02,,False,,6.088788e+02,9.401400e-01,1.980600e-02,8.253880e+01,5.217667e+03,2.857000e-08,7.902039e-02,1.025552e-05,3.444000e+04
Loxodonta_africana,2.299310e-02,1.605958e-01,6.994058e+03,3.000000e-01,2.187500e-02,1.250000e-01,7.786880e-01,4.800000e+06,2.287656e-03,3.093500e+02,,True,,1.283153e+03,9.660500e-01,2.159200e-02,1.603460e+01,7.841429e+03,2.418000e-12,1.254488e-01,1.963855e-01,2.241000e+08
Lumbricus_rubellus,1.403306e-02,4.248366e-02,2.065010e+03,1.600000e-01,2.099738e-03,2.099738e-03,2.020997e-01,3.810000e+00,9.716591e-02,2.956500e+02,,False,,3.455621e+02,9.850200e-01,2.336700e-02,3.716324e+02,4.182940e+03,4.751000e-09,1.000000e+00,3.641052e-03,3.878000e+01
Macrobiotus_hufelandii,3.166667e-02,5.500000e-02,9.000000e+02,7.000000e-02,6.818874e-03,6.818874e-03,2.480974e-02,6.570000e-05,1.250000e-01,2.931500e+02,,False,,1.011610e+00,8.942000e-01,1.032000e-03,2.879000e+01,1.822000e+03,1.785000e-07,7.218487e-01,5.260314e-01,2.036000e-04
Macrocheira_kaempferi,2.247215e-04,5.022472e-02,9.568913e+04,1.700000e-01,9.473684e-09,4.263158e-06,1.010526e-02,1.900000e+04,1.567576e+03,2.831500e+02,,False,,4.529965e+01,9.519400e-01,3.321500e-02,1.309800e+01,4.400000e+03,1.563000e-10,2.596444e-03,2.829477e-04,3.976000e+04
Macrochelys_temminckii,2.628124e-03,1.591004e-01,1.777086e+04,3.000000e-01,5.118346e-05,5.118346e-05,1.367521e-01,5.850000e+04,1.186774e-01,2.971500e+02,,False,,5.024430e+02,9.844500e-01,9.558400e-03,2.577460e+01,7.826797e+03,1.686000e-10,1.000000e+00,5.342321e-04,1.706000e+05
Macropus_agilis,2.382366e-02,8.299526e-02,1.201442e+03,3.000000e-01,3.962500e-05,1.429375e-01,2.193750e-01,1.600000e+04,1.406643e-02,3.096500e+02,,True,,4.907697e+02,8.690000e-01,5.946400e-02,2.238840e+01,7.848533e+03,2.753000e-13,2.179615e-04,6.693012e-01,2.404000e+06
Macropus_antilopinus,5.038903e-02,2.254575e-01,7.109127e+02,3.000000e-01,4.017143e-05,4.285714e-01,7.142857e-01,1.750000e+04,1.901572e-02,3.096500e+02,,True,,7.172055e+02,8.070200e-01,5.489400e-02,3.107830e+01,7.828704e+03,2.222600e-11,5.664790e-05,5.650574e-01,1.473407e+07
Macropus_eugenii,2.891421e-02,8.978693e-02,1.073478e+03,3.000000e-01,7.400000e-05,3.160000e-01,5.400000e-01,5.000000e+03,1.406643e-02,3.096500e+02,,True,,6.771963e+02,8.786300e-01,1.459700e-01,4.411660e+01,7.912058e+03,3.919000e-21,1.250967e-04,5.424974e-01,3.812000e+06
Macropus_fuliginosus,2.223342e-02,1.013548e-01,1.680593e+03,3.000000e-01,2.356864e-05,1.836158e-01,4.661017e-01,3.540000e+04,1.380465e-02,3.094500e+02,,True,,7.595611e+02,8.262200e-01,4.728300e-02,2.738400e+01,7.823427e+03,4.542000e-13,9.559391e-05,3.285821e-01,1.340000e+07
Macropus_giganteus,2.068195e-02,9.070935e-02,1.810983e+03,3.000000e-01,2.285714e-05,1.857143e-01,4.971429e-01,3.500000e+04,1.380465e-02,3.094500e+02,,True,,7.477810e+02,7.596000e-01,6.734500e-02,2.445650e+01,7.847364e+03,5.475000e-15,1.079761e-04,3.411945e-01,2.381533e+07
Macropus_parma,4.039679e-02,1.565612e-01,7.109127e+02,3.000000e-01,1.597183e-04,4.985915e-01,7.070423e-01,3.550000e+03,2.410444e-02,3.096500e+02,,True,,8.680407e+02,8.735700e-01,3.297700e-02,8.131930e+01,7.825688e+03,9.889000e-12,8.656099e-05,6.033264e-01,2.405000e+06
Macropus_rufogriseus,3.637410e-02,1.736344e-01,7.109127e+02,3.000000e-01,3.857143e-05,3.178571e-01,4.642857e-01,1.400000e+04,1.800502e-02,3.096500e+02,,True,,6.037877e+02,8.083000e-01,5.401000e-02,2.792000e+01,7.950000e+03,1.860000e-11,8.142478e-05,6.780623e-01,7.225000e+06
Macropus_rufus,1.792013e-02,6.693079e-02,1.955862e+03,3.000000e-01,2.334286e-05,1.285714e-01,4.000000e-01,3.500000e+04,1.656558e-02,3.094500e+02,,True,,6.949204e+02,8.327000e-01,9.691000e-02,2.242000e+01,7.163000e+03,6.379000e-17,1.468719e-04,2.925200e-01,1.377000e+07
Macroramphosus_gracilis,3.561644e-03,2.997260e-01,2.662052e+03,2.000000e-01,1.144578e-05,1.144578e-05,1.024096e-01,3.320000e+01,2.605133e+01,2.891500e+02,,False,,1.105432e+02,8.500000e-01,5.755000e-02,3.289400e+01,5.219511e+03,1.082000e-07,1.000000e+00,7.957093e-05,3.123000e+03
Macroramphosus_scolopax,2.968037e-03,2.497717e-01,3.194463e+03,2.000000e-01,1.397059e-05,1.397059e-05,1.139706e-01,2.720000e+01,2.399465e+01,2.891500e+02,,False,,1.096012e+02,8.500000e-01,5.712500e-02,3.460920e+01,5.219094e+03,5.943000e-08,1.000000e+00,8.292350e-05,2.928000e+03
Manis_javanica,6.038107e-02,8.377833e-02,2.767984e+03,3.000000e-01,1.037037e-02,1.037037e-02,1.481481e-01,1.350000e+04,9.031845e-03,3.065500e+02,,True,,6.555068e+02,9.930200e-01,4.462300e-02,3.998890e+01,7.830650e+03,1.128000e-12,2.064171e-01,2.691131e-01,5.559000e+04
Manis_pentadactyla,1.198852e-01,1.525649e-01,1.694006e+03,3.000000e-01,1.485714e-02,1.485714e-02,2.857143e-01,7.000000e+03,9.031845e-03,3.065500e+02,,True,,4.298108e+03,9.952800e-01,2.673400e-02,6.311332e+02,7.855323e+03,7.092000e-12,5.812731e-02,2.718857e-01,4.969000e+04
Melanogrammus_aeglefinus,1.958894e-03,9.000000e-02,2.589034e+04,2.000000e-01,1.071429e-07,1.071429e-07,2.148810e-02,1.680000e+04,2.433340e+02,2.791500e+02,,False,,9.727085e+02,3.665800e-01,8.532500e-02,5.310450e+01,5.206856e+03,3.861000e-08,6.199849e-02,5.080769e-05,1.300000e+06
Menidia_extensa,5.479452e-03,3.388128e-01,9.979813e+02,2.000000e-01,6.626506e-05,6.626506e-05,1.506024e-01,3.320000e+00,4.509102e-01,2.968500e+02,,False,,1.543337e+01,9.946200e-01,4.707900e-02,3.062900e+01,5.223292e+03,2.713000e-08,3.789374e-02,8.606424e-03,1.837000e+01
Mercenaria_mercenaria,1.009923e-05,3.000000e-02,7.426307e+04,9.000000e-02,1.609756e-10,6.097561e-07,2.032520e-02,1.366667e+02,5.318929e+04,2.881500e+02,,False,,1.773398e+00,9.805000e-01,2.288400e-02,4.727100e+00,2.405338e+03,1.153000e-11,3.504246e-04,2.108815e-05,1.452000e+02
Merlangius_merlangus,1.484773e-03,3.727667e-02,1.780327e+04,2.000000e-01,3.868049e-08,8.239746e-07,7.106234e-03,5.695000e+03,3.716152e+03,2.841500e+02,,False,,2.425537e+02,5.696800e-01,5.662300e-02,4.739590e+01,5.205717e+03,8.046000e-09,8.736337e-03,5.163366e-04,1.010000e+05
Micropterus_dolomieu,5.268704e-04,7.692308e-02,6.004965e+03,2.000000e-01,7.074074e-08,7.074074e-08,3.240741e-02,5.400000e+03,9.135773e+01,2.981500e+02,,False,,2.095235e+02,9.979000e-01,1.411100e-02,1.875760e+01,5.222485e+03,9.992000e-10,9.998779e-01,1.278558e-06,6.408000e+02
Milnesium_tardigradum,7.777778e-03,3.444444e-02,9.000000e+02,7.000000e-02,8.003766e-03,8.003766e-03,8.229755e-02,5.310000e-05,1.375000e-01,2.931500e+02,,False,,1.426653e+00,9.305000e-01,5.628000e-03,4.013000e+01,1.806000e+03,3.425000e-08,7.424568e-01,2.224375e-01,3.561000e-04
Moina_micrura,1.686806e-01,4.186806e-01,3.796606e+00,1.700000e-01,1.280000e-01,1.280000e-01,3.733333e-01,2.205882e-05,3.409624e+00,2.981500e+02,,False,,2.665575e+02,7.263500e-01,2.808400e-02,1.056153e+04,4.450561e+03,3.270000e-03,1.000000e+00,1.261457e-01,2.073000e-02
Mysis_mixta,2.944444e-01,7.944444e-01,9.437832e+02,1.700000e-01,5.388601e-02,5.388601e-02,2.518135e-01,5.676471e-02,3.814435e-02,2.831500e+02,,False,,1.142064e+02,6.483000e-01,1.409000e-02,4.000000e+02,4.400000e+03,2.166000e-05,2.143577e-01,3.349504e-01,4.741000e+01
Mytilaster_minimus,3.013699e-04,5.016438e-02,3.650000e+03,9.000000e-02,7.290000e-07,5.144033e-03,3.000000e-02,5.000000e-01,1.400000e+03,2.931500e+02,,False,,1.272596e+00,8.678000e-01,4.576000e-02,1.928000e+01,2.348000e+03,1.011000e-10,3.458423e-04,1.542691e-01,2.401000e+00
Mytilopsis_sallei,3.726650e-04,4.471980e-02,4.684098e+02,9.000000e-02,3.541014e-07,8.556625e-07,3.443957e-02,3.194000e-01,9.024651e+01,3.001500e+02,,False,,7.146776e+00,9.991800e-01,8.286700e-02,4.944890e+01,2.348227e+03,3.164000e-08,9.066419e-03,9.300216e-04,2.315000e-02
Mytilus_californianus,1.369863e-04,5.013699e-02,8.630693e+03,9.000000e-02,7.290000e-10,8.925313e-10,3.250000e-03,1.000000e+02,2.780773e+04,2.911500e+02,,False,,1.078888e+01,9.804600e-01,2.132200e-02,4.844100e+00,2.348000e+03,1.845000e-09,1.223829e-01,1.656368e-06,1.586000e+01
Mytilus_edulis,1.155014e-05,2.109055e-02,2.041285e+04,9.000000e-02,2.158909e-10,2.158909e-10,5.120385e-04,1.246000e+02,2.424528e+03,2.911500e+02,,False,,1.106704e+01,9.964900e-01,6.099900e-02,2.646300e+00,2.348000e+03,4.282000e-09,6.361889e-01,6.529222e-07,5.578000e-01
Mytilus_trossulus,1.388889e-03,2.910714e-01,1.489681e+03,9.000000e-02,2.058824e-07,3.044118e-06,2.205882e-01,3.777778e+01,1.387142e+04,2.911500e+02,,False,,5.847327e+01,5.285400e-01,4.451700e-02,2.685330e+01,2.348000e+03,9.115000e-08,6.428667e-02,7.691911e-06,1.941000e+04
Nandinia_binotata,8.349641e-03,1.512068e-01,1.661346e+03,3.000000e-01,2.037037e-02,2.037037e-02,4.444444e-01,2.700000e+03,5.056141e-02,3.105500e+02,,True,,1.244018e+02,8.867900e-01,3.022600e-02,9.367900e+00,7.870535e+03,4.187000e-13,5.062500e-01,4.447252e-02,1.583000e+06
Natator_depressus,1.691762e-03,2.676056e-01,1.687048e+04,3.000000e-01,1.704150e-04,1.704150e-04,6.329114e-01,9.480000e+04,3.481089e-01,2.981500e+02,,False,,7.862490e+02,8.459400e-01,1.261900e-01,1.837570e+01,7.815625e+03,1.874000e-11,1.000000e+00,6.340058e-04,5.899000e+07
Necturus_maculosus,3.011107e-03,1.794817e-01,1.992623e+04,2.800000e-01,1.922737e-04,1.922737e-04,2.207506e-01,4.530000e+02,1.160280e-01,2.881500e+02,,False,,1.997983e+02,9.582600e-01,2.087300e-02,2.571020e+01,7.316246e+03,3.316000e-09,1.000000e+00,6.666667e-04,1.941000e+04
Neophocaena_phocaenoides,2.656704e-02,2.083852e-01,2.698880e+03,3.000000e-01,9.722222e-02,3.402778e-01,2.771453e-01,7.200000e+04,6.113647e-03,3.101500e+02,,True,,8.651021e+02,5.956000e-01,2.366900e-02,2.262380e+01,7.837537e+03,6.863000e-14,3.312038e-01,2.952271e-01,7.794000e+07
Odocoileus_virginianus,8.131178e-02,1.564027e-01,1.044636e+03,3.000000e-01,5.142857e-02,5.142857e-01,6.428571e-01,7.000000e+04,4.327389e-02,3.121500e+02,,True,,1.032618e+03,8.508100e-01,1.733300e-01,2.637650e+01,7.882228e+03,1.458000e-26,2.184971e-01,3.206343e-01,4.856000e+07
Oncorhynchus_clarkii_stomias,1.114782e-02,2.389305e-01,1.446289e+04,2.000000e-01,5.333333e-04,5.333333e-04,1.133333e-01,1.500000e+02,2.169931e-01,2.801500e+02,,False,,2.108516e+02,7.215000e-01,5.850000e-02,5.788790e+01,5.222900e+03,4.665000e-07,2.411276e-01,1.241562e-02,3.200000e+04
Oncorhynchus_mykiss,8.093513e-03,6.999391e-02,1.749147e+04,2.000000e-01,6.322411e-06,6.322411e-06,1.377953e-01,2.540000e+04,8.090469e+01,2.886500e+02,,False,,2.511589e+03,6.191600e-01,3.245300e-02,3.438835e+02,5.267556e+03,4.004000e-06,5.068493e-02,2.200721e-04,3.881000e+06
Onychogalea_fraenata,4.441694e-02,1.093976e-01,5.545119e+02,3.000000e-01,8.823529e-05,5.588235e-01,6.764706e-01,3.400000e+03,4.107396e-02,3.096500e+02,,True,,1.304245e+03,9.583000e-01,9.631000e-02,1.178000e+02,7.837000e+03,8.482000e-14,4.343481e-05,7.753153e-01,1.110000e+06
Ophiura_albida,3.652968e-04,1.003653e-01,1.435337e+04,9.000000e-02,5.422785e-07,2.386737e-06,8.055236e-03,9.655556e-01,9.536088e+01,2.831500e+02,,False,,5.863864e+00,9.000000e-01,4.825800e-02,9.983500e+00,2.358957e+03,5.110000e-09,1.297943e-01,2.545308e-04,2.483000e+00
Ophiura_ophiura,1.826484e-03,6.684932e-01,2.870674e+03,9.000000e-02,4.411946e-08,8.034857e-07,1.497987e-03,1.186778e+01,3.356703e+02,2.831500e+02,,False,,4.903733e+00,9.000000e-01,6.507700e-02,3.383700e+00,2.357606e+03,1.174000e-06,2.122703e-01,1.471052e-04,4.698000e+00
Oryctolagus_cuniculus_NZW,9.589043e-03,6.073060e-02,6.239328e+02,3.000000e-01,1.071333e-02,1.071333e-02,5.440000e-01,5.000000e+03,4.688005e-01,3.121500e+02,,True,,1.017491e+04,7.846300e-01,3.802500e-02,1.575563e+03,7.829315e+03,1.669000e-14,4.124644e-02,3.320106e-01,5.292000e+06
Oryzias_latipes,2.287613e-03,1.140742e-02,3.042667e+03,2.000000e-01,8.125000e-04,3.432813e-02,2.225000e-01,8.000000e-01,6.193875e+01,2.991500e+02,,False,,1.460752e+02,4.705100e-01,1.055600e-02,3.639773e+02,5.208755e+03,3.281000e-08,2.649246e-02,6.953180e-02,7.155000e+02
Ostorhinchus_doederleini,1.358696e-02,2.038043e-01,1.705625e+02,2.000000e-01,2.483660e-05,8.104575e-04,9.084967e-02,1.530000e+01,5.911142e+01,3.016500e+02,,False,,4.688620e+01,9.648000e-01,2.415200e-02,6.958070e+01,5.219525e+03,2.296000e-07,2.415804e-02,8.037807e-03,2.645000e+02
Pacifastacus_leniusculus,6.711981e-03,1.567120e-01,1.913783e+04,1.700000e-01,3.914989e-04,3.914989e-04,3.243848e-01,8.940000e+01,3.657678e-01,2.831500e+02,,False,,2.098752e+02,9.136200e-01,4.727000e-02,5.661740e+01,4.346036e+03,1.419000e-08,1.000000e+00,3.356602e-04,9.641000e+03
Pagellus_acarne,5.479452e-04,1.969764e-01,4.319810e+03,2.000000e-01,2.124997e-07,2.124997e-07,1.408730e-01,3.915300e+02,4.220092e+02,2.915500e+02,,False,,7.578178e+01,9.563400e-01,2.429600e-02,2.714350e+01,5.214894e+03,1.453000e-08,7.749847e-02,1.429448e-05,1.141000e+04
Pagurus_bernhardus,3.056518e-01,5.556518e-01,3.827565e+03,1.700000e-01,3.333333e-07,1.851852e-04,9.259259e-02,5.400000e+01,6.270305e-01,2.831500e+02,,False,,3.868353e+01,9.999000e-01,2.051500e-02,9.423950e+01,4.400000e+03,4.945000e-07,1.801115e-03,1.231591e-03,2.621000e+00
Palaemonetes_pugio,5.000000e-02,1.500000e-01,4.000000e+02,1.700000e-01,2.000000e-04,2.000000e-04,4.400000e-02,1.000000e+00,1.330000e+00,2.931500e+02,,False,,8.532516e+01,9.916700e-01,2.070600e-02,2.972055e+02,4.443076e+03,9.171000e-07,4.046397e-02,7.938871e-02,1.276000e+00
Pangasianodon_hypophthalmus,9.181047e-05,1.250918e-01,5.055722e+03,2.000000e-01,1.590909e-08,1.590909e-08,6.818182e-02,4.400000e+04,5.821956e+05,2.971500e+02,,False,,1.119505e+03,4.500000e-01,1.002800e-01,2.793160e+01,5.224092e+03,2.240000e-10,4.342530e-01,3.481352e-07,8.017000e+06
Paralithodes_camtschaticus,3.287671e-02,2.328767e-01,3.884917e+04,1.700000e-01,6.550000e-08,7.352941e-07,1.050000e-01,8.000000e+03,3.088869e+03,2.801500e+02,,False,,2.847218e+02,5.169100e-01,2.306100e-02,6.671300e+01,4.440415e+03,1.389000e-08,6.035023e-03,3.732900e-05,2.310000e+06
Pecten_maximus,1.728882e-04,5.017289e-02,1.384624e+04,9.000000e-02,5.200000e-09,1.500000e-07,5.000000e-02,2.222222e+02,3.033302e+04,2.861500e+02,,False,,5.820433e+01,8.865400e-01,3.021500e-02,4.905920e+01,2.372028e+03,9.121000e-09,1.186829e-02,6.620284e-06,3.234000e+03
Pedetes_capensis,1.095966e-02,4.443911e-02,1.330838e+03,3.000000e-01,7.428571e-02,3.714286e-01,7.142857e-01,3.500000e+03,5.410125e-02,3.126500e+02,,True,,6.828685e+02,8.441800e-01,3.462500e-02,5.824810e+01,7.831708e+03,5.740000e-15,3.934211e-01,1.509734e-01,2.517000e+06
Pelobates_fuscus,1.722191e-03,2.231508e-01,6.775828e+03,2.800000e-01,3.703704e-05,1.311765e-01,2.941176e-01,3.400000e+01,6.198505e+00,2.901500e+02,,False,,1.421622e+02,7.752100e-01,1.166700e-01,3.655120e+01,7.298707e+03,1.921000e-09,6.018429e-04,2.000826e-01,3.634000e+04
Pelobates_syriacus,5.479452e-04,2.138813e-01,7.259816e+03,2.800000e-01,1.916667e-05,3.251255e-02,3.333333e-01,1.200000e+02,1.239701e+01,2.901500e+02,,False,,1.651378e+02,8.423700e-01,3.103800e-01,2.882690e+01,7.308097e+03,9.366000e-10,3.827720e-03,1.041273e-02,7.414000e+04
Pelophylax_bedriagae,1.826484e-03,1.684932e-01,3.640523e+03,2.800000e-01,5.833333e-05,6.481481e-03,1.851852e-01,1.080000e+02,1.648115e+01,2.951500e+02,,False,,1.249999e+02,6.165300e-01,8.111200e-02,1.733460e+01,7.324523e+03,1.596000e-09,8.387458e-03,3.369387e-02,7.951000e+04
Pelophylax_nigromaculatus,1.112474e-03,2.011125e-01,7.191178e+03,2.800000e-01,5.338983e-05,5.932203e-03,1.694915e-01,1.180000e+02,1.042945e+01,2.902500e+02,,False,,2.808659e+02,6.956400e-01,7.506400e-02,5.021630e+01,7.301786e+03,3.116000e-09,7.981366e-03,1.719351e-02,9.364000e+04
Pelophylax_perezi,8.709367e-04,2.949886e-01,3.985246e+03,2.800000e-01,6.471495e-05,1.263482e-02,2.465331e-01,6.490000e+01,8.531469e+00,2.881500e+02,,False,,2.470745e+02,6.309000e-01,4.765600e-02,4.670820e+01,7.306681e+03,8.095000e-08,4.281996e-03,3.625354e-02,6.358000e+04
Pelophylax_porosus,8.460528e-04,2.865603e-01,4.102459e+03,2.800000e-01,6.720000e-05,3.200000e-02,3.120000e-01,6.250000e+01,8.531469e+00,2.881500e+02,,False,,3.210265e+02,6.616400e-01,4.679100e-02,6.841590e+01,7.316836e+03,7.317000e-08,1.717438e-03,5.637273e-02,8.199000e+04
Pelophylax_ridibundus,1.240941e-03,2.739682e-01,6.446721e+03,2.800000e-01,7.875000e-05,5.750000e-03,3.500000e-01,8.000000e+01,1.166252e+01,2.881500e+02,,False,,3.726137e+02,5.148400e-01,6.940400e-02,5.441860e+01,7.306298e+03,1.385000e-08,9.737721e-03,9.058315e-03,2.315000e+05
Pelophylax_saharicus,3.131115e-03,4.317025e-01,2.123638e+03,2.800000e-01,5.338983e-05,5.932203e-03,1.694915e-01,1.180000e+02,1.648115e+01,2.951500e+02,,False,,9.852606e+01,5.516900e-01,8.890500e-02,1.166860e+01,7.331416e+03,7.505000e-09,7.754131e-03,2.571797e-02,1.553000e+05
Perna_canaliculus,5.268014e-04,1.809637e-02,1.075477e+04,9.000000e-02,1.619729e-09,5.142857e-08,4.285714e-03,3.888889e+02,1.859639e+05,2.881500e+02,,False,,3.280993e+01,8.575600e-01,1.359100e-02,2.658900e+01,3.555621e+03,3.083000e-09,1.177692e-02,2.029275e-05,2.801000e+02
Petrogale_xanthopus,3.883817e-02,1.623542e-01,8.530952e+02,3.000000e-01,6.914286e-05,3.571429e-01,5.714286e-01,7.000000e+03,2.616355e-02,3.096500e+02,,True,,5.410522e+02,7.259000e-01,6.997000e-02,2.643000e+01,7.950000e+03,3.229000e-13,1.413828e-04,5.646483e-01,8.786000e+06
Phascolarctos_cinereus,3.516864e-02,1.351686e-01,1.117694e+03,3.000000e-01,6.024096e-05,2.409639e-01,7.228916e-01,8.300000e+03,1.342049e-02,3.091500e+02,,True,,1.740336e+03,7.407800e-01,1.060600e-01,1.030977e+02,7.807520e+03,2.979800e-18,6.338584e-05,2.054101e-01,3.004629e+07
Phataginus_tetradactyla,3.835616e-02,2.383562e-01,1.107194e+03,3.000000e-01,3.472222e-02,3.472222e-02,3.055556e-01,3.600000e+03,1.806369e-02,3.065500e+02,,True,,1.952666e+02,9.092400e-01,2.367100e-02,1.502880e+01,7.861418e+03,5.395000e-10,4.900200e-01,1.202592e-01,8.332000e+05
Phataginus_tricuspis,8.420307e-02,2.346140e-01,1.107194e+03,3.000000e-01,3.333333e-02,3.333333e-02,3.333333e-01,3.000000e+03,1.806369e-02,3.065500e+02,,True,,2.984032e+02,9.322400e-01,3.626400e-02,2.539490e+01,7.889443e+03,1.645000e-10,3.892149e-01,1.850090e-01,3.869000e+05
Phocoena_phocoena,9.040460e-02,3.570713e-01,1.104087e+03,3.000000e-01,1.545455e-01,2.138051e-01,6.727273e-01,5.500000e+04,9.135684e-03,3.101500e+02,,True,,6.802767e+02,6.029900e-01,2.393400e-02,1.850340e+01,7.846832e+03,5.598000e-11,4.885123e-01,3.835647e-01,4.539000e+07
Placopecten_magellanicus,3.944814e-04,5.000000e-02,1.727402e+04,9.000000e-02,3.000000e-09,2.000000e-08,1.000000e-02,5.555556e+02,7.217847e+04,2.801500e+02,,False,,6.220174e+02,5.902800e-01,7.445200e-03,3.304513e+02,2.361827e+03,2.715000e-08,8.803585e-02,6.648461e-07,1.007000e+03
Planorbis_planorbis,5.952381e-02,2.857143e-01,2.100000e+02,1.500000e-01,1.410747e-04,2.029520e-02,2.804428e-01,4.336000e-01,1.000000e+01,2.931500e+02,,False,,8.358020e+01,9.631000e-01,1.730000e-02,7.659000e+02,3.919000e+03,2.806000e-06,4.851351e-03,4.122563e-02,2.513000e+01
Pleurodeles_waltl,1.826484e-03,5.746400e-02,8.585018e+03,2.800000e-01,2.896774e-03,7.096774e-02,2.903226e-01,6.200000e+01,4.542798e-01,2.911500e+02,,False,,4.488707e+02,8.011700e-01,2.013800e-01,9.852650e+01,7.310536e+03,3.734000e-10,2.724769e-02,1.586436e-01,5.721000e+04
Podocnemis_unifilis,1.727179e-03,6.601289e-02,1.352032e+04,3.000000e-01,1.887931e-03,1.887931e-03,2.118966e-01,1.160000e+04,2.070957e-01,3.001500e+02,,False,,1.950802e+02,8.490600e-01,5.719300e-02,8.284600e+00,7.861023e+03,1.326000e-11,1.000000e+00,4.696970e-03,4.026000e+06
Pogona_barbata,1.414640e-02,1.209957e-01,2.181186e+03,3.000000e-01,3.913649e-03,3.913649e-03,7.896936e-02,7.180000e+02,4.133302e-01,3.081500e+02,,False,,3.261758e+03,9.306100e-01,5.011500e-02,7.449078e+02,7.847925e+03,1.527000e-09,5.386838e-01,8.766005e-03,7.107000e+04
Pollachius_virens,7.169252e-04,1.600000e-01,3.236293e+04,2.000000e-01,2.812500e-08,2.812500e-08,1.696875e-02,3.200000e+04,2.008471e+03,2.791500e+02,,False,,8.512399e+01,5.508400e-01,1.302700e-01,1.754460e+01,5.241081e+03,5.047000e-09,6.652835e-04,1.714625e-03,2.530000e+06
Pomacentrus_amboinensis,1.826484e-03,1.342466e-01,1.015032e+03,2.000000e-01,7.571802e-05,1.932115e-03,9.921671e-02,3.830000e+01,1.837183e+01,3.016500e+02,,False,,7.437422e+01,9.845300e-01,5.498100e-02,7.275800e+01,5.220324e+03,7.773000e-10,2.407339e-02,1.410350e-02,3.826000e+02
Pomacentrus_coelestis,2.500000e-02,3.062500e-01,7.415761e+01,2.000000e-01,2.710280e-04,6.915888e-03,9.813084e-02,1.070000e+01,1.837183e+01,3.016500e+02,,False,,1.101028e+02,9.715700e-01,4.850000e-02,1.700136e+02,5.226641e+03,1.363000e-06,2.344835e-02,4.769694e-02,1.993000e+02
Pomatoschistus_minutus,1.416809e-02,5.141681e-01,1.504008e+03,2.000000e-01,4.844406e-05,4.844406e-05,6.993007e-02,5.720000e+00,6.795176e+00,2.831500e+02,,False,,2.641486e+02,8.716900e-01,2.000000e-02,2.026899e+02,5.143157e+03,5.865000e-06,1.000000e+00,3.521119e-04,1.752000e+02
Pontoporia_blainvillei,1.489562e-01,3.156229e-01,1.689156e+03,3.000000e-01,1.756160e-01,1.756160e-01,1.000000e+00,3.200000e+04,6.216120e-03,3.103500e+02,,True,,7.662792e+02,9.400900e-01,3.829900e-02,3.363110e+01,7.831664e+03,5.728000e-14,1.537843e-01,2.672566e-01,7.910000e+06
Porcellio_scaber,2.333333e-02,2.900000e-01,1.500000e+03,1.700000e-01,4.796163e-03,4.796163e-03,5.995204e-01,8.340000e-02,2.600000e-01,2.931500e+02,,False,,3.471825e+01,8.443800e-01,2.356000e-02,7.529510e+01,4.437018e+03,2.087000e-08,1.000000e+00,2.985264e-03,9.433000e+01
Poroderma_africanum,5.468037e-02,5.500000e-01,5.283088e+03,2.000000e-01,3.305769e-03,3.305769e-03,4.923077e-01,5.200000e+03,6.795579e-02,2.911500e+02,,False,,4.784331e+02,6.564300e-01,2.788000e-02,3.085260e+01,5.221017e+03,3.257000e-08,1.000000e+00,3.737624e-03,3.232000e+06
Procambarus_virginalis,3.899480e-02,2.296360e-01,1.154000e+03,1.700000e-01,1.766667e-04,1.766667e-04,5.123333e-02,3.000000e+01,8.035714e+00,2.931500e+02,,False,,2.612714e+02,8.423800e-01,1.168600e-02,1.191478e+02,4.466290e+03,4.167000e-07,1.000000e+00,1.998312e-03,4.739000e+02
Procavia_capensis,1.251786e-01,2.435576e-01,9.896096e+02,3.000000e-01,1.645000e-01,1.645000e-01,7.075000e-01,4.000000e+03,3.031498e-02,3.100500e+02,,True,,5.753717e+02,4.183000e-01,1.265900e-02,2.946380e+01,7.825457e+03,1.302000e-10,5.958312e-01,3.495646e-01,5.627000e+06
Pseudemydura_umbrina,1.114737e-03,1.032055e-01,4.926038e+04,3.000000e-01,1.247002e-02,1.247002e-02,5.671463e-01,4.170000e+02,1.015015e-02,2.981500e+02,,False,,2.232984e+02,6.486200e-01,2.572300e-02,1.893600e+01,8.291128e+03,9.561000e-11,1.000000e+00,1.907810e-02,5.467000e+05
Pseudomys_novaehollandiae,2.878893e-02,5.995331e-02,6.276672e+02,3.000000e-01,2.352941e-01,2.352941e-01,8.588235e-01,1.700000e+01,1.529473e-01,3.106500e+02,,True,,2.882640e+03,7.625400e-01,1.703300e-02,2.552876e+03,7.842347e+03,3.486000e-11,1.359321e-01,2.186667e-01,1.050000e+05
Pseudophryne_bibronii,2.136986e-02,2.339726e-01,5.754712e+03,2.800000e-01,1.200000e-02,1.218000e-01,7.500000e-01,7.142857e-01,1.744223e-01,2.851500e+02,,False,,9.997110e+02,5.393100e-01,3.036800e-02,1.040778e+03,7.322521e+03,4.825000e-07,4.143519e-02,5.747957e-02,5.261000e+03
Pungitius_pungitius,4.295999e-03,2.997260e-01,1.825000e+03,2.000000e-01,6.170587e-04,6.170587e-04,1.250000e-01,4.465568e+00,2.191781e-01,2.931500e+02,,False,,3.187773e+01,9.500000e-01,1.305000e-01,1.874000e+01,5.200000e+03,8.666000e-09,1.000000e+00,4.233483e-03,1.786000e+02
Python_regius,2.633548e-03,4.595890e-02,7.725899e+03,3.000000e-01,3.909091e-02,3.909091e-02,3.636364e-01,2.200000e+03,2.588696e-02,3.001500e+02,,False,,5.609724e+02,8.521400e-01,4.643500e-02,3.970720e+01,7.820473e+03,5.265000e-11,1.000000e+00,7.481869e-02,7.446000e+05
Pyxicephalus_adspersus,1.155740e-04,9.848746e-04,1.642500e+04,2.800000e-01,1.193317e-05,7.756563e-03,3.579952e-02,8.380000e+02,1.731900e+01,2.981500e+02,,False,,2.685548e+03,9.935600e-01,6.513900e-02,5.229716e+02,7.327380e+03,7.218000e-11,1.612350e-02,8.424855e-03,4.844000e+02
Raja_montagui,1.816557e-02,2.167362e-01,1.805211e+04,2.000000e-01,1.901004e-03,1.901004e-03,3.816356e-01,2.788000e+03,7.644538e-02,2.851500e+02,,False,,6.966373e+02,7.596200e-01,5.405200e-02,5.809670e+01,5.221127e+03,1.209000e-08,1.000000e+00,2.124138e-03,1.305000e+06
Ramazzottius_oberhaeuseri,1.055556e-02,2.388889e-02,9.000000e+02,7.000000e-02,1.140655e-02,1.140655e-02,9.113680e-02,5.190000e-06,1.250000e-01,2.931500e+02,,False,,3.331137e+00,9.766000e-01,1.139000e-03,3.871000e+02,1.828000e+03,4.319000e-08,2.487717e-01,3.729994e-01,1.637000e-05
Rana_iberica,6.849315e-03,2.568493e-01,7.655130e+03,2.800000e-01,5.060241e-05,5.060241e-05,7.831325e-02,8.300000e+01,2.434968e-01,2.831500e+02,,False,,1.945486e+02,9.801000e-01,7.353800e-02,5.048240e+01,7.307608e+03,1.585000e-07,6.309932e-02,6.897638e-03,1.016000e+03
Rana_macrocnemis,4.981320e-03,3.686177e-01,1.052580e+04,2.800000e-01,1.050000e-04,1.050000e-04,1.750000e-01,4.000000e+01,2.434968e-01,2.831500e+02,,False,,9.021741e+01,9.223200e-01,9.481800e-02,2.660740e+01,7.310107e+03,3.918000e-08,2.938946e-03,1.383933e-01,5.527000e+03
Rana_muscosa,5.296720e-03,3.919572e-01,1.339648e+04,2.800000e-01,5.526316e-05,5.526316e-05,9.210526e-02,7.600000e+01,3.975664e-01,2.831500e+02,,False,,9.294508e+01,9.734200e-01,1.428400e-01,2.320040e+01,7.320794e+03,1.430000e-08,3.768701e-03,1.198113e-01,1.696000e+03
Rattus_norvegicus,6.348838e-03,1.274153e-02,1.472116e+03,3.000000e-01,8.536585e-03,8.536585e-03,1.851220e-01,8.200000e+02,4.478858e-01,3.101500e+02,,True,,4.414311e+03,9.712800e-01,3.051300e-02,1.288205e+03,7.841834e+03,7.781000e-20,8.390318e-02,1.603590e-01,2.061000e+04
Rattus_norvegicus_Wistar,5.325991e-02,7.968848e-02,3.136930e+02,3.000000e-01,1.763636e-02,1.446061e-01,3.727273e-01,3.300000e+02,1.027093e+00,3.101500e+02,,True,,9.335676e+03,9.480300e-01,2.901800e-02,4.643982e+03,7.843971e+03,1.112000e-09,3.279886e-02,2.552058e-01,4.130000e+04
Rhaebo_blombergi,4.806537e-04,8.815189e-02,5.504703e+03,2.800000e-01,8.810573e-07,4.317181e-03,7.180617e-01,1.135000e+03,1.553217e+02,3.001500e+02,,False,,3.172514e+02,6.541800e-01,2.795200e-02,2.928950e+01,7.310230e+03,1.422000e-10,1.822622e-04,3.034321e-03,2.564000e+06
Rhinogobius_brunneus,1.095890e-02,2.849315e-01,7.300000e+02,2.000000e-01,1.224490e-04,1.224490e-04,7.142857e-02,9.800000e+00,4.657534e+00,2.931500e+02,,False,,1.575057e+02,9.479800e-01,3.453900e-02,8.618810e+01,5.222672e+03,5.508000e-07,1.000000e+00,7.525066e-04,1.895000e+02
Rhodeus_amarus,9.863014e-03,2.000000e-01,2.100502e+03,2.000000e-01,2.317497e-04,2.317497e-04,1.158749e-01,8.630000e+00,3.237321e-01,2.931500e+02,,False,,4.700735e+01,9.035800e-01,2.974700e-02,3.774540e+01,5.218811e+03,4.050000e-08,1.948549e-01,7.243024e-03,5.662000e+02
Ruditapes_philippinarum,2.094242e-04,4.244614e-02,8.594417e+03,9.000000e-02,2.346939e-09,1.020408e-05,4.387755e-02,1.088889e+01,5.084831e+03,2.881500e+02,,False,,3.432868e+00,9.916600e-01,5.821200e-03,1.110790e+01,2.357883e+03,3.054000e-09,3.342282e-03,1.509285e-05,8.885000e+00
Salamandra_lanzai,1.458333e-01,3.958333e-01,4.700130e+04,2.800000e-01,6.250000e-03,7.500000e-02,4.000000e-01,2.000000e+01,8.753557e-04,2.791500e+02,,False,,2.763951e+02,9.836100e-01,8.550300e-02,1.153143e+02,7.266721e+03,2.702000e-08,7.660550e-02,7.565692e-02,2.017000e+03
Salamandrina_perspicillata,1.020232e-02,3.852023e-01,3.640523e+03,2.800000e-01,2.198953e-03,1.154318e-02,3.717277e-01,1.910000e+00,1.977738e-01,2.911500e+02,,False,,1.926561e+01,7.345300e-01,8.160600e-02,1.152000e+01,7.347021e+03,4.415000e-10,1.768224e-01,1.983649e-02,3.119000e+03
Salvator_merianae,1.145362e-02,3.950492e-02,3.535751e+03,3.000000e-01,1.428571e-03,1.428571e-03,2.142857e-01,7.000000e+03,2.359012e-01,3.051500e+02,,False,,2.910635e+03,9.729400e-01,2.522900e-02,3.942191e+02,7.840903e+03,3.546000e-10,1.000000e+00,1.664875e-03,1.674000e+05
Sardina_pilchardus,2.739726e-03,1.250000e-01,4.688525e+03,2.000000e-01,2.232143e-06,2.232143e-06,1.785714e-01,1.120000e+02,1.432434e+03,2.881500e+02,,False,,3.960024e+02,9.450200e-01,1.718100e-02,3.961953e+02,5.197365e+03,4.056000e-08,3.217366e-02,1.154331e-04,3.013000e+03
Sceloporus_undulatus,1.446857e-02,3.236329e-02,1.795381e+03,3.000000e-01,3.111111e-02,3.111111e-02,3.833333e-01,1.800000e+01,1.706279e-01,2.971500e+02,,False,,5.415735e+02,5.573700e-01,1.257800e-02,2.178685e+02,7.833532e+03,5.781000e-09,1.000000e+00,3.745968e-02,2.480000e+04
Scomber_scombrus,2.112709e-03,1.000000e-01,1.698550e+04,2.000000e-01,1.964286e-08,1.964286e-08,6.250000e-02,2.800000e+03,3.781379e+03,2.851500e+02,,False,,7.758885e+01,8.567000e-01,3.233000e-02,3.369000e+01,5.219000e+03,8.440000e-09,3.516388e-03,1.106588e-04,1.351000e+05
Scophthalmus_maximus,7.653925e-04,1.173684e-01,4.626884e+04,2.000000e-01,1.212903e-08,2.038202e-05,7.741935e-02,1.550000e+04,6.816682e+03,2.831500e+02,,False,,1.076989e+02,6.681300e-01,4.023800e-02,2.892970e+01,5.221060e+03,3.670000e-09,1.012577e-03,1.061543e-04,3.071000e+06
Scyliorhinus_canicula,6.849315e-02,2.500000e-01,6.388925e+03,2.000000e-01,9.848485e-04,9.848485e-04,6.439394e-02,1.320000e+03,8.546038e-02,2.891500e+02,,False,,3.188324e+02,8.800000e-01,2.159000e-02,4.358070e+01,5.149000e+03,4.745000e-08,1.000000e+00,8.649414e-03,2.473000e+04
Semicossyphus_pulcher,1.135086e-04,7.547170e-02,1.934500e+04,2.000000e-01,8.000000e-09,8.000000e-09,5.000000e-02,1.600000e+04,8.500000e+04,2.931500e+02,,False,,3.829771e+02,3.804100e-01,7.479300e-02,7.397900e+00,5.304052e+03,1.588000e-10,9.997848e-01,1.067801e-07,4.351000e+06
Septifer_virgatus,2.283105e-04,8.356164e-02,2.771523e+03,9.000000e-02,2.160000e-07,2.160000e-07,1.721170e-02,5.810000e+00,4.329750e+03,2.981500e+02,,False,,6.110012e+00,8.641000e-01,2.986000e-02,6.137000e+00,2.357000e+03,3.685000e-10,1.301420e-01,6.660362e-05,3.701000e+01
Setonix_brachyurus,2.853150e-02,7.220829e-02,9.361508e+02,3.000000e-01,8.080000e-05,1.452000e-01,2.664000e-01,5.000000e+03,2.063770e-02,3.101500e+02,,True,,4.862859e+02,8.766900e-01,3.761400e-02,3.417630e+01,7.830467e+03,1.475100e-12,3.834584e-04,5.441986e-01,7.502960e+05
Silurus_glanis,2.397260e-04,8.089041e-02,2.920000e+04,2.000000e-01,1.052632e-08,1.052632e-08,3.947368e-02,1.140000e+05,9.369863e+03,2.931500e+02,,False,,5.542222e+02,8.507400e-01,2.116100e-02,1.815930e+01,5.230776e+03,1.957000e-10,9.993785e-01,1.716633e-07,9.373000e+05
Siren_lacertina,6.575342e-03,8.657534e-02,1.100643e+04,2.800000e-01,4.487916e-06,4.487916e-06,1.420000e-02,1.000000e+03,3.179958e+00,2.911500e+02,,False,,3.865523e+02,9.531000e-01,1.211300e-02,6.451790e+01,7.301684e+03,4.651000e-09,1.000000e+00,6.457047e-04,1.781000e+03
Smaug_giganteus,1.009532e-02,2.191507e-01,9.088500e+03,3.000000e-01,2.788845e-02,2.788845e-02,6.374502e-01,2.510000e+02,3.424658e-03,2.931500e+02,,False,,1.830321e+02,9.179800e-01,2.514500e-02,3.305850e+01,7.825197e+03,1.150000e-09,1.000000e+00,2.074024e-02,1.486000e+05
Smeringurus_mesaensis,1.709602e-01,4.781030e-01,1.350959e+03,1.700000e-01,5.909091e-03,5.909091e-03,7.272727e-01,2.200000e+00,9.958425e-02,2.981500e+02,,False,,1.373494e+01,9.433300e-01,3.889900e-02,3.026390e+01,4.447007e+03,1.127000e-09,1.988554e-02,2.508483e-01,7.662000e+02
Smutsia_gigantea,1.523288e-02,9.523288e-02,2.767984e+03,3.000000e-01,1.557632e-02,1.557632e-02,2.492212e-01,3.210000e+04,9.031845e-03,3.065500e+02,,True,,4.186975e+02,9.769100e-01,3.443700e-02,1.810900e+01,7.848619e+03,1.699000e-11,4.783223e-01,1.160439e-01,6.102000e+05
Smutsia_temminckii,1.342466e-02,9.342466e-02,2.767984e+03,3.000000e-01,2.111801e-02,2.111801e-02,4.968944e-01,1.610000e+04,9.031845e-03,3.065500e+02,,True,,5.046805e+02,9.722500e-01,3.560100e-02,2.772680e+01,7.834543e+03,5.888000e-12,3.813673e-01,8.499487e-02,8.777000e+05
Solea_solea,8.429926e-04,9.923077e-02,1.657159e+04,2.000000e-01,4.143462e-07,8.110300e-06,1.558980e-01,1.109700e+03,1.733463e+03,2.861500e+02,,False,,2.896690e+02,7.823900e-01,7.282600e-02,3.419550e+01,5.230688e+03,2.529000e-09,5.331352e-02,3.444217e-05,1.954000e+05
Sorex_araneus,1.019781e-01,2.714987e-01,2.349965e+02,3.000000e-01,5.238095e-02,9.047619e-01,9.761905e-01,8.400000e+00,2.451100e-01,3.114500e+02,,True,,3.624225e+03,9.564000e-01,2.317300e-01,2.241470e+03,7.853119e+03,8.992000e-12,3.752988e-03,1.720651e-01,1.167000e+05
Speleomantes_imperialis,2.788074e-02,2.337631e-01,9.963115e+03,2.800000e-01,1.116667e-02,1.116667e-02,3.717949e-01,7.800000e+00,1.706294e-02,2.881500e+02,,False,,7.704116e+01,7.851000e-01,1.416900e-02,3.656230e+01,7.302850e+03,8.635000e-09,1.000000e+00,2.005106e-02,5.092000e+03
Stagnicola_palustris,3.333333e-02,1.777778e-01,3.600000e+02,1.500000e-01,2.419943e-04,5.691123e-02,5.269558e-01,2.467000e-01,2.304151e+01,2.931500e+02,,False,,8.558485e+01,8.959000e-01,1.722000e-02,1.031000e+03,3.914000e+03,3.907000e-07,2.628350e-03,5.362771e-02,1.155000e+02
Stichopus_vastus,4.981320e-04,1.823163e-01,1.062311e+03,9.000000e-02,1.473684e-09,5.997337e-06,6.385965e-02,2.850000e+03,8.801565e+04,3.001500e+02,,False,,9.066790e+00,9.852700e-01,3.958600e-02,7.677900e+00,2.359650e+03,2.291000e-09,6.565558e-04,2.894774e-05,7.061000e+03
Streptocephalus_vitreus,4.166667e-02,5.083333e-01,3.000000e+01,1.700000e-01,7.692308e-04,7.692308e-04,3.384615e-01,7.647059e-03,1.050000e+01,2.931500e+02,,False,,1.798657e+02,9.881800e-01,4.080900e-02,8.740149e+03,4.447769e+03,7.497000e-05,8.430095e-04,9.782672e-01,3.451000e-01
Sympterygia_bonapartii,7.397260e-02,4.416438e-01,2.930328e+03,2.000000e-01,4.408940e-03,4.408940e-03,4.504671e-01,4.710000e+03,3.276084e-01,2.851500e+02,,False,,3.061727e+03,2.796400e-01,8.896400e-02,1.000773e+02,5.193594e+03,2.784000e-07,1.000000e+00,4.802423e-03,1.073000e+07
Symsagittifera_roscoffensis,1.095890e-02,3.123288e-01,4.402573e+02,5.000000e-02,1.818182e-04,1.818182e-04,2.164502e-01,2.310000e-02,1.243591e+01,2.911500e+02,,False,,3.714595e+00,9.000000e-01,2.307500e-02,9.935910e+01,1.305423e+03,2.235000e-07,1.078763e-03,4.006844e-01,1.315000e+00
Tachyglossus_aculeatus,1.835616e-03,1.018356e-01,6.514457e+03,3.000000e-01,1.000000e-04,3.947368e-01,1.000000e+00,3.800000e+03,7.675236e-03,3.046500e+02,,False,,1.356882e+03,9.992700e-01,4.969600e-02,1.440048e+02,7.822994e+03,2.385000e-12,7.260046e-05,1.409974e-01,4.271000e+04
Theropithecus_gelada,1.279253e-02,1.350148e-01,2.710002e+03,3.000000e-01,4.218182e-02,3.545455e-01,6.996479e-01,1.100000e+04,6.642061e-03,3.111500e+02,,True,,2.830902e+02,9.257600e-01,2.019900e-02,1.658410e+01,7.846048e+03,2.824000e-12,1.281728e-01,3.923814e-01,1.982000e+06
Tiliqua_rugosa,1.843813e-02,7.310527e-02,5.926072e+03,3.000000e-01,1.380753e-01,1.380753e-01,2.510460e-01,7.170000e+02,3.094757e-03,2.981500e+02,,False,,5.249409e+02,9.138300e-01,7.102700e-02,6.595720e+01,7.771442e+03,5.404000e-10,1.000000e+00,2.427035e-01,1.953000e+05
Trachurus_mediterraneus,8.219178e-05,5.008219e-02,1.966784e+04,2.000000e-01,1.662679e-07,1.662679e-07,1.997608e-02,1.672000e+03,2.847288e+02,2.901500e+02,,False,,2.386942e+02,9.664200e-01,2.648000e-02,3.843110e+01,5.230412e+03,7.532000e-10,3.855638e-01,1.513229e-05,2.948000e+03
Trachurus_trachurus,8.955396e-04,2.500000e-02,2.407259e+04,2.000000e-01,8.488964e-07,8.488964e-07,7.724958e-02,1.178000e+03,2.326297e+02,2.881500e+02,,False,,1.959727e+02,9.388000e-01,4.962000e-02,4.333000e+01,5.109000e+03,5.102000e-10,1.014419e-01,6.418073e-05,1.837000e+04
Trichiurus_lepturus_japonicus,4.047621e-04,2.779305e-02,6.681688e+03,2.000000e-01,8.500000e-08,8.500000e-08,1.600000e-02,5.000000e+03,7.205925e+02,2.911500e+02,,False,,1.377926e+03,9.661300e-01,2.288100e-02,2.673848e+02,5.206690e+03,1.019000e-08,2.934218e-01,5.826087e-06,3.105000e+03
Triturus_cristatus,2.446184e-03,6.115460e-02,2.197648e+04,2.800000e-01,3.301887e-04,3.301887e-04,1.273585e-01,1.060000e+01,7.644538e-01,2.831500e+02,,False,,1.559882e+02,8.007300e-01,4.316600e-02,6.533000e+01,7.307223e+03,1.767000e-09,9.956824e-02,1.655679e-02,2.518000e+03
Triturus_karelinii,6.226650e-03,2.334994e-01,7.827311e+03,2.800000e-01,3.301887e-04,3.301887e-04,1.622642e-01,1.060000e+01,8.432015e-01,2.861500e+02,,False,,1.059327e+02,7.188800e-01,4.404700e-02,3.821020e+01,7.305864e+03,2.210000e-08,1.000000e+00,1.447740e-03,5.023000e+03
Typhlichthys_subterraneus,5.222603e-02,3.864726e-01,2.846295e+03,2.000000e-01,1.405405e-03,1.405405e-03,1.378378e-01,3.700000e+00,7.026679e-02,2.861500e+02,,False,,6.578921e+01,9.282700e-01,2.454400e-02,4.533790e+01,5.218250e+03,5.562000e-07,1.000000e+00,7.134208e-03,1.982000e+02
Urechis_caupo,4.566210e-04,1.504566e-01,4.839877e+03,1.600000e-01,5.125000e-08,1.250000e-06,3.500000e-01,1.600000e+02,8.264673e+04,2.901500e+02,,False,,8.665241e+01,5.000000e-01,2.939800e-02,1.228450e+01,1.056366e+03,2.441000e-08,3.834116e-02,1.872332e-06,2.389000e+04
Ursus_maritimus,6.079858e-02,1.631242e-01,3.575745e+03,3.000000e-01,3.594595e-03,5.513514e-01,8.324324e-01,1.850000e+05,1.170479e-02,3.099500e+02,,True,,1.225729e+03,9.309500e-01,7.666000e-02,3.063680e+01,7.830453e+03,2.606000e-15,4.301172e-03,5.882249e-01,5.656000e+07
Varanus_bengalensis,7.102993e-03,9.969559e-02,6.235926e+03,3.000000e-01,1.083333e-02,1.083333e-02,4.166667e-02,7.200000e+03,8.659500e-02,2.981500e+02,,False,,2.071871e+02,3.737800e-01,1.954100e-01,4.157400e+00,7.859314e+03,1.073000e-10,1.000000e+00,1.677488e-01,4.682000e+06
Varanus_komodoensis,1.183109e-03,7.995165e-02,1.894026e+04,3.000000e-01,1.034483e-03,1.034483e-03,2.068966e-01,8.700000e+04,1.519977e-01,2.981500e+02,,False,,6.343436e+02,9.712000e-01,1.279600e-01,1.709580e+01,7.870024e+03,6.071000e-11,1.000000e+00,5.130996e-03,2.481000e+06
Wallabia_bicolor,2.790548e-02,1.414084e-01,1.094806e+03,3.000000e-01,4.170940e-05,2.632479e-02,4.786325e-01,1.462500e+04,2.112858e-02,3.096500e+02,,True,,5.431412e+02,7.026500e-01,2.853800e-02,2.386790e+01,7.841116e+03,1.235000e-11,1.427771e-03,4.795357e-02,8.185000e+06
Xantusia_vigilis,1.431421e-02,3.354151e-01,3.978500e+03,3.000000e-01,1.769231e-01,1.769231e-01,7.307692e-01,1.300000e+00,5.479452e-03,2.931500e+02,,False,,6.425039e+01,4.118600e-01,1.789700e-02,2.687060e+01,7.828979e+03,4.052000e-09,1.000000e+00,1.194463e-01,1.517000e+04
Xiphias_gladius,4.728028e-04,4.090909e-01,4.015000e+03,2.000000e-01,2.555576e-09,2.555576e-09,1.138462e-01,6.500000e+05,4.109589e+04,2.931500e+02,,False,,1.651206e+03,8.992600e-01,3.836800e-02,5.012570e+01,5.215637e+03,5.065000e-08,4.348756e-01,1.639478e-08,1.226000e+07
Zootoca_vivipara,8.275128e-03,2.080537e-01,4.600151e+03,3.000000e-01,3.800000e-02,3.800000e-02,4.400000e-01,5.000000e+00,1.863548e-02,2.868500e+02,,False,,5.162430e+02,7.251500e-01,2.376500e-02,3.444866e+02,7.837059e+03,1.533000e-07,1.000000e+00,3.551373e-02,6.375000e+03
