775,7,3.378
1140,6.6,4.392
775,6.4,4.045
775,6.5,3.546
775,6.4,3.86
775,6.3,4.049
775,5.8,2.695
775,6.2,3.964
775,6.4,3.724
775,6.3,3.428
775,6,3.524
775,6.2,3.468
775,6.3,3.713
775,6.5,4.202
775,6.7,4.302
1140,5.9,3.582
775,6.3,4.006
1140,6.7,4.208
1140,6.8,5.303
1140,6.8,4.558
1870,6.9,4.524
1505,6.6,4.401
1140,6.7,4.698
1505,6.8,4.069
1505,6.5,4.358
2235,6.6,4.181
1505,6.9,5.523
1505,7.3,4.952
1505,6.7,4.893
1505,7,4.851
1505,7,5.331
1140,6.7,4.184
1505,6.4,4.067
1505,7.3,4.98
1505,7.2,4.87
1140,7.2,5.457
1140,6.2,3.576
1140,6.4,5.067
1140,7.5,5.267
1140,6.7,3.975
1140,6.5,3.679
1140,7.1,5.468
775,5.9,3.553
1140,6.7,3.706
1140,6.6,4.096
1140,6.5,4.647
1140,6.7,4.339
775,5.8,3.047
775,5.7,3.338
775,6.4,3.394
775,5.8,3.286
1140,6.8,5.095
775,6.5,3.976
775,6.1,2.883
775,6.3,4.154
775,6.2,3.898
775,6.3,3.975
775,6.9,4.37
775,6.8,4.502
775,6.6,4.663
775,6.7,4.833
775,6.5,4.205
775,6.5,3.982
775,6.6,3.868
775,6.6,4.522
775,6.5,4.168
775,6.2,4.153
775,7.2,4.482
775,6.6,4.195
775,6.4,4.117
775,6.8,4.398
775,6.3,3.82
775,6.2,3.271
775,6.3,3.492
775,6.4,4.327
775,6.4,3.738
775,6.4,3.722
775,6.7,3.869
775,7,4.655
775,6.5,3.91
775,7.2,4.529
775,6.9,4.861
775,6.1,3.294
775,6.4,4.249
775,6.6,4.106
775,6.4,4.7
775,6.4,3.935
775,6.2,3.58
775,6.2,3.788
1140,6.7,4.742
1140,6.2,3.802
1870,7,5.01
1870,6.5,4.34
1505,6.5,3.633
1140,7.2,4.524
1505,6.6,4.468
1870,6.7,4.68
1870,7,4.916
1870,6.9,4.522
1505,6.9,4.38
1505,6.7,4.511
1505,6.3,4.186
1505,6.8,4.645
775,6.6,3.978
1140,6.7,4.49
1140,6.1,4.151
1140,6.9,4.455
1505,7,4.745
1505,6.4,4.212
1140,7.3,5.823
1140,6.6,3.792
1140,6.9,4.828
1505,7.3,5.074
1505,7.5,4.404
775,7,5.128
1140,6.8,5.351
1140,6.8,4.555
1140,7.2,5.171
1140,6.9,5.304
1140,7.1,5.12
1140,6.9,4.461
1140,6.4,4.721
775,6.7,4.311
775,6.7,4.658
775,6.7,4.731
775,6.5,3.646
775,6.1,3.841
775,6.4,4.194
775,6.2,3.548
775,6.5,4.634
775,6.2,3.647
775,6.4,4.056
775,6.6,3.734
775,6.6,4.635
775,6.2,3.542
775,6.6,4.245
775,6.3,3.178
775,6.7,4.721
775,6.6,3.763
775,6.3,3.775
775,6.3,3.704
775,6.5,4.041
775,6.6,4.443
775,6.8,3.703
2235,7.2,5.311
775,6,4.368
775,6.9,4.294
775,6.8,4.896
1140,6.6,4.061
1140,6.3,3.897
1140,6.6,4.322
1140,6.3,2.947
1140,6.8,4.674
1140,6.4,4.05
1140,6.6,3.275
775,6.6,3.767
775,5.9,3.687
775,6,2.824
775,6.2,3.994
775,6.2,3.45
775,6.2,3.495
775,6.6,3.998
775,6.5,3.4
775,6.3,3.413
775,6.5,4.513
775,6.1,3.608
775,6.2,3.409
775,6.4,3.519
775,6,3.953
775,5.9,2.932
775,5.9,2.76
775,5.9,3.473
775,6.5,3.823
775,6.3,3.755
775,6.2,3.506
775,6.1,3.266
775,6.2,3.707
1870,7,3.974
775,5.9,3.444
1505,7.2,4.73
1505,6.9,5.149
1505,7,4.299
1505,6.2,3.429
1505,7,4.615
1140,6.6,4.55
1505,6.8,4.262
1140,6.4,3.663
1140,6.7,3.907
1140,6.9,3.908
1140,6.6,4.027
1140,6.6,4.164
775,6.7,4.497
775,6.4,3.612
775,6.5,3.733
775,6.3,3.344
1140,6.6,4.5
775,6.3,3.475
775,6.5,4.102
775,6.3,3.387
775,5.6,3.028
775,6.4,3.944
775,6.1,3.388
2235,7,4.632
775,6.3,3.25
775,5.8,3.102
775,6.2,3.973
775,6.1,3.327
775,6.2,4.424
775,6.3,3.911
775,5.8,3.155
775,6.7,3.93
775,5.9,3.88
775,6.3,3.509
775,6.1,3.023
775,6.3,3.429
775,6.4,4.591
775,6.4,2.972
775,6.3,3.167
775,6.3,3.929
775,6.4,3.393
775,6.5,4.249
775,6,3.462
775,5.9,3.105
775,6.1,3.138
1140,7.3,4.917
775,6.4,4.049
1505,7,4.152
1140,7.1,4.675
1140,6.5,4.193
1140,6.8,4.304
1140,6.6,3.778
1140,7,4.608
1140,6.6,3.726
1140,7,4.482
1505,6.3,3.58
1505,6.8,4.443
1505,7.5,5.554
775,6.5,4.12
775,6,4.218
775,6.3,3.815
1505,6.9,3.55
775,6.2,3.862
1140,6.8,4.567
1140,7,4.89
1140,6.6,3.729
1140,6.6,4.071
1140,6.7,3.73
1140,6.5,3.998
1140,7.3,4.565
1140,6.3,3.642
1140,6.3,4
1140,6.3,3.761
1140,6.3,3.869
1140,6.4,3.779
1140,6.6,4.34
1140,7,4.373
775,6.8,4.245
1140,6.6,3.961
1140,6.5,4.261
1140,6.6,4.202
1140,6,3.728
775,6.2,3.631
775,6.5,3.96
775,6.5,4.502
775,6.2,3.982
775,6.2,3.49
775,6.7,5.133
775,6.9,4.778
775,6.3,3.864
775,6.6,4.183
775,6.4,4.395
775,6.2,3.669
775,6.5,4.54
775,6.3,3.911
775,6.5,4.062
775,6,3.234
775,6.2,3.737
775,6.7,4.345
775,6.4,4.035
775,5.9,2.839
1870,7.2,4.914
775,6.5,3.91
775,6.5,3.636
775,6.6,4.225
1140,6.9,4.421
775,6,3.383
775,6.3,3.613
775,6.5,4.439
775,7,4.724
775,6,3.76
775,6.6,4.297
775,6.5,4.164
775,6.1,3.612
775,6.3,3.511
1870,6.8,4.187
1870,7,4.723
1505,6.6,4.769
1870,7,4.279
775,6.2,3.791
775,6.3,3.845
1505,6.9,4.651
1505,6.8,4.313
775,6,4.063
1140,6.8,4.615
1140,6.9,4.585
1140,6.8,3.802
1505,6.7,4.909
775,6,3.546
1140,6.5,4.503
775,6.6,4.707
1140,6.1,3.822
775,6.9,5.077
1140,7,4.844
1140,6.9,4.818
1140,6.6,4.194
2600,6.9,4.855
1140,7,4.885
1140,6.7,4.31
1140,6.7,5.123
1140,6.6,4.5
1140,6.1,3.448
1140,6.9,4.252
775,6.3,3.39
1140,6.6,3.529
775,6.3,3.644
1140,6.5,4.215
1140,6.9,4.995
1140,7.1,5.361
1140,6.6,4.849
1140,6.4,3.8
1140,6.5,4.251
1140,6.7,4.022
775,6.6,4.677
775,6.5,4.366
775,6.5,4.552
775,6.9,4.034
775,6.3,3.693
775,6.6,4.551
775,6.5,4.151
775,6.6,4.363
775,6.4,3.377
775,6.6,4.719
775,6.7,4.742
775,6.8,4.429
775,6.2,4.263
775,6.3,3.795
775,6.7,4.012
775,6.2,3.765
775,6.8,4.81
775,6.2,4.356
775,6.5,4.147
775,6.4,4.103
775,6.1,3.569
775,6.8,5.163
775,6.5,3.928
775,6.6,4.34
775,5.9,3.164
775,6,3.527
775,6.8,4.461
775,6,3.409
775,6.3,4.038
775,6.3,3.177
775,6.2,3.984
775,6.6,3.777
775,6.4,4.086
775,6.5,4.161
775,6.2,3.624
775,6.2,4.053
1505,6.7,4.312
1505,6.8,4.25
1505,6.8,4.357
1505,7.4,5.381
1140,6.7,4.926
410,5.7,2.578
410,5.6,2.591
410,5.8,2.958
410,5.5,2.565
410,5.3,2.411
410,5.2,2.347
410,5.2,2.387
410,5.6,2.68
410,4.9,1.701
410,5.7,2.407
410,5.7,3.128
410,5.7,2.679
410,5.7,3.049
410,5.7,2.815
410,4.7,2.54
410,5.5,2.347
410,5.5,2.966
410,5,2.024
410,5.1,2.378
410,4.6,1.724
410,5,2.332
410,5.2,2.345
410,4.9,2.486
410,5.5,2.802
410,5.4,2.748
410,5.5,2.771
410,4.5,1.618
410,5.4,2.525
410,5.4,2.543
410,4.6,1.937
410,5,1.944
410,5.5,2.945
410,5.6,3.022
410,5.7,3.3
410,5,2.205
410,5.3,2.563
410,5.6,3.089
410,5.5,2.408
410,5.7,2.861
410,4.4,1.608
410,5.3,2.588
410,5.4,2.627
410,5.5,2.801
410,5.3,2.354
410,5.4,2.628
410,5.8,2.13
410,5.5,3.181
410,5.4,2.662
410,4.4,1.726
410,5,2.126
410,5,2.042
410,5,2.735
410,5.3,2.638
410,5.4,2.361
410,5.7,3.321
410,5.6,2.467
410,5.2,2.587
410,5.1,2.125
410,4.4,1.288
410,5.5,2.678
410,4.6,1.94
410,4.4,1.503
410,4.8,2.497
410,5.2,2.601
410,4.9,1.964
410,4.9,2.28
410,5.4,2.96
410,5,2.757
410,5.2,2.633
410,5.2,2.687
410,5,2.049
410,4.6,2.044
410,5.3,2.188
410,5.1,2.711
410,5.1,2.322
410,5.5,3.013
410,5.3,2.748
410,5.2,2.562
410,4.4,1.784
410,5.1,2.018
410,4.7,1.803
410,4.9,1.973
410,4.8,2.218
410,4.8,2.366
410,5.4,2.344
410,5.2,2.32
410,5,2.545
410,5.3,2.872
410,4.9,2.364
410,5.3,2.311
410,5.7,2.93
410,5.1,2.665
410,5.1,2.551
410,5.4,2.52
410,5.5,2.777
410,5.2,2.644
410,5.1,2.395
410,4.7,1.753
410,5.3,2.662
410,5.4,2.447
410,5.2,2.751
410,5,2.48
410,5.2,2.772
410,5.7,3.32
410,5.4,2.92
410,4.9,2.478
410,5.4,3.025
410,5.1,2.133
410,4.5,1.178
410,4.5,1.372
410,4.8,1.644
410,4.8,1.644
410,4.5,1.453
410,4.3,1.178
410,4.7,1.413
410,4.9,1.806
410,4.7,1.378
410,5.5,2.272
410,4.2,1.17
410,5.3,2.321
410,4.8,1.531
410,4.6,1.573
410,5.2,1.729
410,5.1,1.766
410,5.1,2.052
410,4.6,1.368
410,4.7,1.551
410,4.6,1.601
410,5.1,2.447
410,4.8,1.782
410,4.1,1.028
410,4.7,1.843
410,4.4,1.398
410,4.7,1.317
410,4.1,1.058
410,3.9,0.928
410,5.6,2.723
410,5.3,1.868
410,4.9,2.362
410,5.1,1.982
410,4.5,1.694
410,4.7,1.769
410,4.8,1.6
410,5.1,2.045
410,4.6,1.875
410,5.7,3.3
410,5.2,2.405
410,5,2.185
410,4.9,2.047
410,5,2.26
410,4.6,1.426
410,4.3,1.265
410,5,2.15
410,4.6,1.638
410,4.9,1.989
410,4.85,2.112
410,4.9,2.024
410,5.7,3.164
410,4.6,1.542
410,4.8,2.219
410,4.4,1.79
410,5.1,2.496
410,5.1,1.893
410,5.1,2.313
410,4.6,1.36
410,4.55,1.709
410,4.9,2.382
410,4.9,1.913
410,4.6,1.59
410,4.5,1.728
410,4.2,1.054
410,4.8,1.926
410,4.7,1.83
410,4.6,1.279
410,4.5,1.61
410,4.7,2.069
410,5.2,2.521
410,4.6,1.941
410,4.8,1.774
410,5,2.352
410,4.4,1.266
410,4.8,1.824
410,5.1,2.872
410,5.2,2.637
410,4.6,1.887
410,4.6,1.915
410,5,2.513
410,5.1,2.248
410,5,2.17
410,4.1,1.24
410,4.8,1.954
410,4.8,1.225
410,5.4,2.507
410,4.5,1.568
410,4.2,1.324
410,4.3,1.281
410,4.6,1.74
410,4.2,1.31
410,4.7,1.697
410,4.3,1.336
410,4.9,2.146
410,4.8,1.96
410,4.7,1.602
410,5.3,2.25
410,5.1,2.053
410,4.4,1.435
410,4.9,1.886
410,5.1,2.068
410,5,1.725
410,4.7,1.942
410,4.6,1.849
410,4.5,1.735
410,4.3,1.413
410,4.7,1.828
410,5.1,2.467
410,4.4,1.339
410,4.8,1.546
410,4.7,1.215
410,4.6,1.79
410,4.8,1.752
410,5.2,2.776
410,5,2.41
410,5.5,2.034
410,5,1.677
410,5.1,1.822
410,5.4,2.652
410,5.5,2.83
410,4.7,1.793
410,5.1,2.054
410,5.7,3.105
410,5.3,2.245
410,5.1,2.131
410,5.2,2.39
410,5,1.796
410,5.3,2.679
410,5.2,2.298
410,5.4,2.968
410,5.1,2.027
410,5.2,2.34
410,5.5,2.627
410,5.2,2.356
410,5.7,3.061
410,5.5,2.707
410,4.8,1.829
410,5.2,2.3
410,5.4,2.857
410,4.5,1.714
410,5.1,2.191
410,5.1,2.15
410,5.2,1.95
410,5.7,3.243
410,4.7,1.64
410,5.2,2.107
410,4.7,1.725
410,4.9,1.785
410,5.4,2.984
410,5.3,2.703
410,5,2.217
410,5.7,3.29
410,5.6,2.708
410,5.5,2.131
410,5.2,2.461
410,4.8,1.499
410,5.6,2.853
410,5.2,2.307
410,5.6,3.121
410,4.9,1.838
410,5.3,2.367
410,5.4,2.436
410,5.5,2.64
410,5,2.109
410,5.5,2.669
410,4.9,2.023
410,5.3,2.338
410,4.8,1.899
410,5.3,2.306
410,5.4,2.875
410,5.3,2.157
410,5.1,2.41
410,5.4,1.861
410,5.3,2.571
410,5.3,2.981
410,4.5,1.614
410,4.9,2.044
410,4.9,2.112
410,4.8,1.649
410,5.4,2.733
410,5.2,2.433
410,5.5,2.976
410,5.5,2.959
410,5.1,2.239
410,5.4,2.555
410,5.3,2.541
410,5.2,2.146
410,5.1,2.106
410,5.2,2.079
410,5,1.74
410,5.2,2.409
410,5.5,3.157
410,5.2,2.735
410,5.7,3.28
410,5.2,2.816
410,5.6,2.985
410,5,2.131
410,4.9,1.833
410,5.1,2.527
410,5.3,2.492
410,5.4,2.433
410,5,2.122
410,4.7,1.674
410,5.8,2.579
410,5,1.999
410,5.5,2.746
410,4.8,1.73
410,5.6,2.689
410,5.4,2.763
410,5.2,2.217
410,5.5,2.563
410,5.4,2.979
410,5.2,2.27
410,5.4,2.569
410,5.5,2.861
410,4.6,1.642
410,5.5,2.875
410,4.5,1.601
410,5.4,2.601
410,5.2,2.272
410,4.9,1.86
410,5,1.883
410,4.9,2.184
410,5.2,2.307
410,5.4,2.767
410,4.8,1.981
410,5.5,2.442
410,5.1,2.012
410,5.4,2.22
410,5.3,2.331
410,5.7,2.645
410,5.2,2.038
410,4.7,1.454
410,4.8,1.71
410,4.6,1.414
410,5.1,1.827
410,5.5,2.339
410,5.4,2.09
410,5.4,2.594
410,5.6,2.801
410,5,1.923
410,5.6,2.896
410,5,1.987
410,4.6,1.513
410,4.3,1.43
410,4.7,1.637
410,5.2,2.244
410,5.5,2.41
410,5.8,3.056
410,5.6,2.495
410,5.2,1.93
410,5.4,2.727
410,6,3.58
410,5.9,3.804
45,2,0.172
45,2,0.163
45,2.1,0.183
45,2.1,0.172
45,2,0.164
45,2.1,0.165
45,2,0.194
45,2.1,0.228
45,2,0.179
45,1.9,0.19
45,2.1,0.184
45,2.1,0.173
45,2.1,0.189
45,2.1,0.188
45,2.1,0.189
45,2.1,0.212
45,2.2,0.201
45,2.1,0.214
45,2,0.217
45,2.1,0.215
45,2,0.203
45,2,0.196
45,2.1,0.199
45,2.1,0.203
45,2.2,0.19
45,2,0.198
45,2.2,0.206
45,2.2,0.218
45,2.1,0.185
45,2.2,0.196
45,2,0.195
45,2.1,0.191
45,2.1,0.189
45,2.1,0.217
45,2.2,0.224
45,2.1,0.196
45,2.1,0.215
45,2.1,0.218
45,2.1,0.181
45,2.1,0.189
45,2.1,0.194
45,2.1,0.185
45,2.1,0.178
45,2.1,0.212
45,2.1,0.208
45,2.1,0.175
45,2.1,0.186
45,2.2,0.183
45,2.2,0.182
45,2.1,0.212
45,2.1,0.211
45,2.1,0.215
45,2.1,0.209
45,2.1,0.193
45,2.1,0.193
45,2.1,0.189
45,2.1,0.196
45,2,0.189
45,2,0.182
45,2.1,0.208
45,2.1,0.215
45,2.1,0.183
45,2.2,0.187
45,2.4,0.228
45,2.1,0.22
45,2.1,0.214
45,2.1,0.226
45,2.1,0.213
45,2.1,0.209
45,2.1,0.211
45,2.1,0.228
45,2.1,0.208
45,2.1,0.197
45,2.2,0.192
45,2.1,0.182
45,2.2,0.218
45,2.1,0.217
45,2.1,0.195
45,2.1,0.191
45,2,0.173
45,2.1,0.174
45,2.1,0.2
45,2,0.178
45,2,0.188
45,2,0.192
45,2,0.186
45,2,0.17
45,2.1,0.173
45,2.1,0.164
45,2.1,0.17
45,2,0.162
45,2.1,0.163
45,2.1,0.164
45,2,0.17
45,2.2,0.208
45,2.2,0.21
45,2.2,0.219
45,2.2,0.211
45,2.2,0.199
45,2.2,0.214
45,2.2,0.208
45,2.2,0.203
45,2.1,0.221
45,2,0.204
45,2.1,0.209
45,2.1,0.217
45,2.1,0.191
45,2.3,0.22
45,2.3,0.226
45,2.1,0.197
45,2.3,0.224
45,2.2,0.217
45,1.9,0.15
45,2,0.161
45,2,0.165
45,2,0.156
45,2,0.164
45,2,0.155
45,2.1,0.17
45,2.1,0.194
45,2.1,0.204
45,2.1,0.198
45,2.2,0.191
45,1.7,0.096
45,2.1,0.178
45,2.2,0.192
45,2.1,0.19
45,2.1,0.183
45,2.1,0.197
45,2.1,0.219
45,2.1,0.204
45,2.1,0.223
45,2.1,0.203
45,2.1,0.199
45,2.1,0.195
45,2.1,0.196
45,2.2,0.201
45,2.2,0.191
45,2.2,0.202
45,2.2,0.228
45,2.1,0.209
45,2.2,0.191
45,2.1,0.197
45,2.1,0.196
45,2.1,0.193
45,2.1,0.193
45,2.2,0.19
45,2.2,0.2
45,2.1,0.206
45,2.1,0.196
45,2.2,0.197
45,2.2,0.197
45,2.2,0.193
45,2.1,0.191
45,2.2,0.2
45,2.1,0.193
45,2.1,0.179
45,2.1,0.184
45,2,0.175
45,2.1,0.189
45,2.1,0.196
45,2.2,0.206
45,2.2,0.201
45,2.1,0.209
45,2.1,0.194
45,2.1,0.179
45,2.2,0.189
45,2.2,0.199
45,2.2,0.229
45,2.2,0.226
45,2.2,0.202
45,2.2,0.2
45,2.2,0.223
45,2.2,0.224
45,2.2,0.231
45,2.2,0.212
45,2.3,0.243
45,2.3,0.235
45,2.2,0.23
45,2.2,0.227
45,2.2,0.223
45,2.2,0.227
45,2.1,0.214
45,2.2,0.211
45,2.2,0.221
45,2.2,0.205
45,2.2,0.197
45,2.2,0.187
45,2.1,0.186
45,2.2,0.19
45,2,0.189
45,2.1,0.191
45,2.1,0.161
45,2.1,0.173
45,2,0.16
45,1.9,0.146
45,2,0.164
45,2,0.163
45,2.2,0.221
45,2.2,0.221
45,2.2,0.216
45,2.2,0.236
45,2.1,0.212
45,2.1,0.194
45,2.2,0.211
45,2.1,0.197
45,2.1,0.2
45,2.1,0.184
45,2.1,0.191
45,2.1,0.196
45,2.1,0.203
45,2.1,0.171
45,2.1,0.172
45,1.8,0.132
45,1.8,0.129
45,1.7,0.107
45,1.7,0.121
45,1.8,0.117
45,2,0.174
45,2,0.173
45,2,0.164
45,2.1,0.178
45,1.9,0.152
45,2.2,0.229
45,2.2,0.239
45,2.1,0.179
45,2.2,0.225
45,2.2,0.214
45,2.2,0.207
45,2.2,0.223
45,2.2,0.223
45,2.1,0.215
45,2.1,0.24
45,2.3,0.229
45,2.1,0.204
45,2.2,0.204
45,2.2,0.206
45,2.2,0.215
45,2.2,0.203
45,2.2,0.203
45,2.1,0.178
45,2.1,0.172
45,2.2,0.163
45,2.1,0.202
45,2.1,0.176
45,1.8,0.157
45,2.2,0.18
45,2.1,0.168
45,2.1,0.181
45,2.1,0.18
45,2.1,0.186
45,2.1,0.178
45,2.1,0.178
45,2.1,0.193
45,2,0.167
45,2.1,0.219
45,2,0.15
45,2,0.164
45,2.2,0.198
45,2.3,0.198
45,2.2,0.189
45,2.3,0.218
45,2.3,0.202
45,2.3,0.255
45,2.3,0.257
45,2.3,0.252
45,2.3,0.237
45,2.3,0.255
45,2,0.158
45,2,0.151
45,2.1,0.162
45,2.1,0.152
45,2.1,0.162
45,2.2,0.209
45,2.1,0.199
45,2.2,0.214
45,2.3,0.213
45,2.2,0.206
45,2.2,0.211
45,2.1,0.184
45,2.1,0.181
45,2,0.136
45,2.2,0.223
45,2.3,0.221
45,2.2,0.211
45,2.2,0.224
45,2.1,0.215
45,2.1,0.177
45,2.1,0.189
45,2.1,0.177
45,2.1,0.18
45,2.1,0.185
45,2.1,0.17
45,2.2,0.182
45,2.2,0.18
45,2.1,0.181
45,2.2,0.204
45,2.2,0.196
45,2.1,0.193
45,2.2,0.219
45,2.1,0.181
45,2.2,0.187
45,2.1,0.194
45,2.1,0.181
45,2.1,0.191
45,2.1,0.204
45,2.3,0.206
45,2.3,0.217
45,2.2,0.209
45,2.2,0.223
45,2.2,0.198
45,2.1,0.19
45,2.1,0.206
45,2.1,0.191
45,2.1,0.167
45,2,0.166
45,2.1,0.18
45,2.1,0.183
45,2,0.195
45,2.1,0.21
45,2.2,0.213
45,2.2,0.22
45,2.1,0.188
45,2.2,0.214
45,2.2,0.205
45,2.1,0.199
45,2,0.162
45,2.1,0.197
45,2.1,0.191
45,2,0.154
45,1.8,0.145
45,1.9,0.154
45,1.9,0.155
45,1.9,0.141
45,2,0.166
45,2.1,0.206
45,2.2,0.225
45,2.2,0.22
45,2.2,0.226
45,2.1,0.206
45,2.1,0.199
45,2.1,0.187
45,2.2,0.219
45,2,0.19
45,2.2,0.204
45,2.1,0.183
45,2,0.174
45,2.1,0.19
45,2.1,0.193
45,2.1,0.196
45,2.2,0.239
45,2.3,0.225
45,2.1,0.179
45,2,0.192
45,2.1,0.18
45,2.1,0.188
45,2.1,0.196
45,2.1,0.211
45,2.2,0.208
45,2.3,0.207
45,2.2,0.191
45,2.2,0.197
45,2.2,0.203
45,2.2,0.187
45,2.2,0.198
45,2.1,0.158
45,2.1,0.171
45,2.1,0.17
45,2.1,0.183
45,2.1,0.178
45,2.1,0.207
45,2.1,0.202
45,2,0.168
45,2.1,0.17
45,2,0.162
45,2.1,0.179
45,2,0.182
45,2.1,0.197
45,2.1,0.192
45,2.3,0.235
45,2.1,0.186
45,2,0.181
45,2.1,0.187
45,2.2,0.192
45,2,0.178
45,2,0.177
45,2.1,0.16
45,2.1,0.179
45,2.2,0.267
45,2.1,0.224
45,1.9,0.154
45,2.2,0.189
45,2.2,0.203
45,1.9,0.139
45,2.1,0.198
45,2.1,0.174
45,2.2,0.153
45,2.2,0.206
45,2.1,0.195
45,2.2,0.192
45,2.1,0.223
45,2,0.173
45,2.1,0.158
45,2.1,0.166
45,2.1,0.17
45,2.1,0.178
45,2.1,0.174
45,2.1,0.188
45,2.1,0.175
45,2.1,0.168
45,2,0.191
45,2.1,0.189
45,2.1,0.179
45,2.2,0.174
45,2.2,0.192
45,2.1,0.167
45,2,0.157
45,2,0.144
45,1.9,0.156
45,2.1,0.151
45,2,0.154
45,1.9,0.141
45,2,0.138
45,2,0.17
45,2,0.166
45,2,0.179
45,2.1,0.195
45,2.1,0.179
45,2.1,0.192
45,2.1,0.207
45,2.1,0.196
45,2.1,0.199
45,2.2,0.199
45,2,0.151
45,2,0.162
45,2,0.162
45,2,0.158
45,2,0.151
45,2,0.181
45,2.1,0.177
45,2,0.171
45,2.2,0.236
45,2.3,0.227
45,2.2,0.207
45,1.9,0.138
45,2,0.149
45,2.1,0.183
45,2.1,0.186
45,2.1,0.19
45,2.1,0.183
45,2.1,0.184
45,2.1,0.188
45,2.1,0.171
45,2.1,0.183
45,2.1,0.172
45,2.1,0.177
45,2,0.174
45,2.2,0.207
45,2.2,0.202
45,2.1,0.199
45,2.2,0.222
45,2.2,0.206
45,2.1,0.217
45,2.1,0.21
45,2.1,0.227
45,2.3,0.253
45,2.1,0.196
45,2.2,0.189
45,2.1,0.194
45,2.2,0.183
45,2.1,0.201
45,2.1,0.196
45,2.1,0.181
45,2.1,0.186
45,2.2,0.191
45,2.1,0.181
45,2.1,0.19
45,2.1,0.209
45,2.2,0.207
45,2.1,0.202
45,2.1,0.21
45,2.2,0.218
45,2.1,0.21
45,2.2,0.218
45,2.2,0.206
45,2.2,0.204
45,2.3,0.219
45,2.1,0.208
45,2.3,0.218
45,2.2,0.214
45,2.1,0.197
45,2.1,0.189
45,2.2,0.212
45,2,0.169
45,2.3,0.212
45,2.3,0.211
45,2.1,0.174
45,2.2,0.239
45,2.2,0.233
45,2.2,0.237
45,2.2,0.234
45,2.2,0.232
45,2.2,0.178
45,2.1,0.173
45,2,0.174
45,2.2,0.177
45,2.2,0.188
45,2.1,0.173
45,2.1,0.195
45,2.3,0.219
45,2.2,0.193
45,2.2,0.188
45,2.2,0.203
45,2.2,0.204
45,2.2,0.198
45,2.3,0.216
45,2.3,0.226
45,2.3,0.227
45,2.3,0.196
45,2.3,0.21
45,2.3,0.205
45,2.3,0.189
45,2.1,0.183
45,2.2,0.204
45,2.1,0.198
45,2.1,0.194
45,2.1,0.174
45,2.3,0.224
45,2.2,0.213
45,2.3,0.216
45,2.3,0.221
45,2.3,0.225
45,2.2,0.22
45,2.2,0.191
45,2.1,0.194
45,2.2,0.193
45,2.2,0.165
45,2.2,0.192
45,2.1,0.191
45,2.1,0.192
45,2.1,0.208
45,2,0.161
45,2.2,0.24
45,2.2,0.224
45,2.3,0.214
45,2.1,0.168
45,2,0.153
45,2,0.152
45,2,0.151
45,2.1,0.167
45,2.1,0.156
45,2,0.164
45,2.2,0.161
45,2.1,0.167
45,2.1,0.17
45,2.3,0.228
45,2.2,0.226
45,2.1,0.185
45,2.2,0.225
45,2.2,0.204
45,2.2,0.174
45,2.3,0.208
45,2.3,0.197
45,2.2,0.217
45,2.1,0.175
45,2.2,0.201
45,2.1,0.19
45,2.2,0.201
45,2.3,0.212
45,2.2,0.208
45,2.1,0.179
45,2.1,0.177
45,2.1,0.157
45,2.2,0.187
45,1.9,0.134
45,2.2,0.204
45,2.2,0.206
45,2.2,0.199
45,2.2,0.218
45,2.3,0.238
45,2.3,0.236
45,2.1,0.184
45,2.2,0.189
45,2.2,0.189
45,2.1,0.198
45,2.2,0.192
45,2.1,0.162
45,2.1,0.178
45,2.1,0.159
45,2.1,0.162
45,1.3,0.155
45,2.1,0.103
45,2.3,0.209
45,2.3,0.225
45,2,0.147
45,2.1,0.176
45,2.1,0.172
45,2.2,0.174
45,1.9,0.137
45,1.8,0.119
45,2.1,0.198
45,2.1,0.194
45,2.3,0.2
45,2.1,0.177
45,2,0.152
45,2.1,0.167
45,2.2,0.178
45,2.2,0.182
45,2.2,0.199
45,2.1,0.192
45,2.1,0.163
45,2.2,0.194
45,2,0.157
45,2.1,0.171
45,2.1,0.176
45,2,0.164
45,2.2,0.244
45,2.2,0.207
45,2.2,0.229
45,2.1,0.207
45,2.2,0.22
45,2.2,0.221
45,2.2,0.222
45,2.2,0.208
45,1.8,0.137
45,1.9,0.15
45,1.9,0.144
45,1.9,0.153
45,1.9,0.154
45,2.1,0.178
45,2.1,0.159
45,2.1,0.177
45,2.2,0.202
45,2.2,0.222
45,2.1,0.182
45,2.2,0.203
45,2.1,0.178
45,2,0.188
45,2.2,0.194
45,2,0.176
45,1.9,0.156
45,2,0.182
45,2.1,0.208
45,2.2,0.204
45,2.2,0.202
45,2.2,0.193
45,2.2,0.197
45,2.3,0.216
45,2.2,0.212
45,2.1,0.212
45,2,0.166
45,2.1,0.189
45,2.1,0.196
45,2.1,0.194
45,2.1,0.178
45,2.1,0.185
45,2.2,0.213
45,2.2,0.201
45,2.2,0.2
45,2.2,0.217
45,2.2,0.213
45,2.1,0.169
45,2.2,0.2
45,2.1,0.205
45,2,0.178
45,2.1,0.191
45,2.1,0.197
45,2.1,0.189
45,2.2,0.215
45,2.1,0.214
45,2.1,0.19
45,2.2,0.212
45,2.2,0.197
45,2.2,0.199
45,2.1,0.169
45,2.2,0.212
45,2.1,0.202
45,2.2,0.2
45,2.1,0.194
45,2,0.183
45,2.1,0.18
45,2.1,0.192
45,2.1,0.174
45,2.1,0.192
45,2.1,0.186
45,2.1,0.184
45,2.1,0.181
45,2.2,0.191
45,2.2,0.22
45,2.2,0.219
45,2.2,0.218
45,2.2,0.212
45,2,0.174
45,2.1,0.176
45,2.1,0.173
45,2.2,0.231
45,2.2,0.231
45,2.2,0.238
45,2.2,0.195
45,2.2,0.234
45,2.2,0.22
45,2.2,0.213
45,2.3,0.216
45,2.3,0.228
45,2.2,0.198
45,2.1,0.199
45,2.3,0.213
45,2.1,0.198
45,2.1,0.187
45,2.2,0.188
45,2.1,0.174
45,2.1,0.182
45,2.2,0.193
45,2.1,0.207
45,2,0.192
45,2.2,0.202
45,2,0.176
45,2.2,0.197
45,2.2,0.209
45,2.1,0.201
45,2.1,0.186
45,2.1,0.202
45,2.1,0.188
45,2.1,0.208
45,2.2,0.201
45,2.2,0.2
45,2,0.19
45,2,0.191
45,2.1,0.182
45,2.1,0.204
45,2.3,0.202
45,2.2,0.198
45,2.1,0.198
45,2.1,0.215
45,2.1,0.203
45,2.2,0.225
45,2.1,0.226
45,2.1,0.227
45,2.1,0.207
45,2.1,0.204
45,2.2,0.199
45,1.8,0.122
45,2,0.178
45,2,0.149
45,2,0.161
45,2.1,0.159
45,2,0.165
45,2,0.154
45,2,0.188
45,1.9,0.188
45,2,0.186
45,2.2,0.231
45,2.2,0.22
45,2.1,0.198
45,2.2,0.208
45,2.2,0.188
45,2.2,0.169
45,2.1,0.198
45,2.1,0.202
45,2.1,0.197
45,2.1,0.164
45,2,0.173
45,2.1,0.175
45,2.1,0.194
45,1.9,0.138
45,2.1,0.196
45,2.1,0.163
45,2.1,0.192
45,2.1,0.181
45,2,0.169
45,1.9,0.138
45,2,0.181
45,2.1,0.171
45,2.1,0.203
45,2.2,0.2
45,2.1,0.187
45,2.1,0.17
45,2,0.172
45,2.1,0.171
45,2,0.171
45,2,0.17
45,2,0.175
45,2,0.186
45,2.1,0.185
45,2,0.17
45,2,0.168
45,2,0.154
45,2,0.175
45,2,0.166
45,2.3,0.235
45,2,0.189
45,2,0.189
45,2,0.176
45,2.1,0.188
45,2.1,0.181
45,2.1,0.174
45,2.2,0.192
45,2.1,0.191
45,2.2,0.188
45,2.1,0.185
45,1.9,0.159
45,2.1,0.165
45,2.1,0.147
45,2.1,0.167
45,2,0.16
45,2.1,0.17
45,2.1,0.178
45,1.9,0.122
45,2,0.159
45,2.1,0.181
45,2.1,0.192
45,2.1,0.197
45,2,0.193
45,2.1,0.192
45,2.1,0.191
45,2.1,0.17
45,2.1,0.169
45,2.1,0.162
45,2.1,0.173
45,2.1,0.175
45,2.2,0.224
45,2.2,0.209
45,2,0.152
45,2.1,0.158
45,2,0.151
45,2.1,0.162
45,2.3,0.248
45,2.2,0.224
45,2.2,0.213
45,2,0.163
45,1.9,0.154
45,2.2,0.186
45,2.1,0.171
45,2.1,0.177
45,2.1,0.176
45,2.1,0.181
45,2.1,0.168
45,2,0.158
45,2.1,0.172
45,2.1,0.166
45,2,0.152
45,2.2,0.225
45,2.1,0.189
45,2.2,0.201
45,2.2,0.192
45,2.2,0.198
45,2.25,0.185
45,2.1,0.154
45,2.4,0.209
45,2.3,0.187
45,2.4,0.215
45,2.4,0.22
45,2.3,0.207
45,2.2,0.185
45,2.3,0.196
45,2.2,0.184
45,2.1,0.175
45,2.2,0.177
45,2.2,0.18
45,2.2,0.196
45,2.1,0.173
45,2.3,0.215
45,2.2,0.191
45,2.3,0.212
45,2.25,0.198
45,2.3,0.2
45,2.2,0.209
45,2.3,0.221
45,2.2,0.207
45,2.2,0.196
45,2.2,0.211
45,2.05,0.201
45,2.1,0.187
45,1.3,0.21
45,2.2,0.2
45,2.1,0.196
45,2.3,0.226
45,2.2,0.217
45,2.3,0.21
45,2.3,0.223
45,2.3,0.22
45,2.2,0.186
45,2.2,0.212
45,2.2,0.21
45,2.1,0.217
45,2.2,0.208
45,2.3,0.214
45,2.2,0.179
45,2.2,0.188
45,2.2,0.184
45,2.3,0.185
45,2.1,0.18
45,2.2,0.195
45,2.2,0.191
45,2.2,0.219
45,2.3,0.221
45,2.1,0.157
45,1.9,0.154
45,2.2,0.175
45,2.2,0.181
45,2.1,0.18
45,2.1,0.185
45,2.2,0.183
45,2.1,0.179
45,2.2,0.181
45,2.15,0.186
45,2.2,0.192
45,2.1,0.173
45,2.2,0.195
45,2.2,0.196
45,2.2,0.202
45,2.15,0.199
45,2.1,0.189
45,2.1,0.167
45,2.1,0.177
45,2.1,0.186
45,1.7,0.142
45,2.15,0.182
45,2.1,0.192
45,2.2,0.185
45,2.25,0.171
45,2.3,0.194
45,2.15,0.177
45,2.3,0.202
45,2.2,0.204
45,2.2,0.193
45,2.25,0.195
45,2.2,0.199
45,2.3,0.211
45,2.2,0.19
45,2.3,0.203
45,2.1,0.171
45,2,0.155
45,2.2,0.202
45,2.1,0.171
45,2.2,0.181
45,2.3,0.19
45,2.2,0.187
45,2.15,0.183
45,2.2,0.215
45,2.1,0.292
45,2.3,0.212
45,2.2,0.218
45,2.2,0.211
45,2.1,0.169
45,2.2,0.192
45,2.2,0.187
45,2.2,0.18
45,2.1,0.184
45,2.1,0.179
45,2.2,0.198
45,2.2,0.203
45,2.2,0.199
45,2,0.17
45,2,0.172
45,2.1,0.203
45,2.2,0.184
45,2.15,0.204
45,2.1,0.196
45,2.2,0.194
45,2.2,0.217
45,2.2,0.207
45,2.2,0.206
45,2.3,0.222
45,2,0.181
45,2.1,0.173
45,2,0.171
45,2.1,0.15
45,2,0.156
45,2.05,0.162
45,2.05,0.151
45,2.1,0.194
45,2,0.191
45,2.2,0.185
45,2.15,0.191
45,2.2,0.186
45,2.1,0.18
45,2.2,0.21
45,2.3,0.234
45,2.2,0.216
45,2.2,0.226
45,2.2,0.222
45,2.2,0.178
45,2.3,0.206
45,2.2,0.19
45,2.2,0.214
45,2.2,0.181
45,2.2,0.19
45,2.3,0.208
45,2.3,0.214
45,2.2,0.213
45,2.2,0.195
45,2.2,0.204
45,2.3,0.191
45,2.2,0.183
45,2.2,0.195
45,2.2,0.184
45,2.25,0.229
45,2.3,0.231
45,2.3,0.224
45,2.3,0.245
45,2.3,0.217
45,2.3,0.202
45,2.2,0.195
45,2.3,0.205
45,2.25,0.231
45,2.3,0.223
45,2.3,0.213
45,2.3,0.21
45,2.2,0.218
45,2.1,0.178
45,2.1,0.167
45,2.2,0.193
45,2.25,0.191
45,2.1,0.152
45,2.1,0.177
45,2.2,0.214
45,2.3,0.203
45,2.2,0.192
45,2.2,0.212
45,2.2,0.203
45,2.3,0.205
45,2.2,0.184
45,2.2,0.185
45,2.25,0.194
45,2.3,0.194
45,2.3,0.203
45,2.25,0.186
45,2.2,0.197
45,2.2,0.192
45,2.3,0.19
45,2.2,0.202
45,2.2,0.193
45,2,0.188
45,2.2,0.185
45,2,0.193
45,2.2,0.205
45,2.2,0.204
45,2.2,0.202
45,2.3,0.193
45,2.3,0.207
45,2.2,0.186
45,2.3,0.189
45,2.3,0.204
45,2.2,0.202
45,2.2,0.216
45,2.1,0.204
45,2.1,0.178
45,2.1,0.167
45,2.3,0.22
45,2.15,0.181
45,2.2,0.175
45,2.2,0.176
45,2.2,0.173
45,2.1,0.176
45,2.2,0.182
45,2.1,0.184
45,2.2,0.201
45,2.2,0.213
45,2.2,0.204
45,2.25,0.209
45,2.2,0.208
45,2.3,0.205
45,2.2,0.205
45,2.4,0.237
45,2.25,0.22
45,2.2,0.189
45,2.1,0.178
45,2.2,0.175
45,2.2,0.182
45,2.3,0.188
45,2.3,0.202
45,2.1,0.194
45,2.1,0.204
45,2.2,0.195
45,2.15,0.18
45,2.15,0.197
45,2.3,0.216
45,2.2,0.215
45,2.2,0.211
45,2.2,0.225
45,2.1,0.196
45,2.1,0.191
45,2.1,0.183
45,2.2,0.169
45,2.3,0.238
45,2.3,0.186
45,2.2,0.19
45,2.2,0.192
45,2.3,0.227
45,2.35,0.246
45,2.2,0.237
45,2.3,0.25
45,2.25,0.242
45,2.2,0.206
45,2.3,0.186
45,2.2,0.227
45,2.2,0.2
45,2.2,0.195
45,2.3,0.202
45,2.25,0.205
45,2.3,0.2
45,2.3,0.201
45,2.05,0.16
45,2.05,0.159
45,2.2,0.165
45,2.1,0.153
45,2.2,0.207
45,2.2,0.185
45,2.2,0.188
45,2.15,0.196
45,2.2,0.198
45,2.15,0.19
45,2.1,0.196
45,2.2,0.194
45,2.2,0.212
45,2.3,0.212
45,2.3,0.203
45,2.3,0.235
45,2.3,0.232
45,2.2,0.215
45,2.3,0.233
45,2.2,0.191
45,2.2,0.196
45,2.2,0.198
45,2,0.188
45,2.2,0.2
45,2.2,0.231
45,2.2,0.194
45,2.3,0.193
45,2.3,0.211
45,2.2,0.188
45,2.2,0.212
45,2.25,0.242
45,2.3,0.251
45,2.3,0.222
45,2.3,0.252
45,2.3,0.235
45,2.2,0.203
45,2.3,0.203
45,2.3,0.2
45,2.2,0.21
45,2.3,0.209
45,2.2,0.197
45,2.3,0.242
45,2.3,0.239
45,2.2,0.23
45,2.2,0.228
45,2.2,0.196
45,2.2,0.19
45,2.2,0.194
45,2.2,0.204
45,2.1,0.192
45,2.2,0.154
45,2.1,0.174
45,2,0.183
45,2.2,0.173
45,2.1,0.192
45,2.1,0.187
45,2.1,0.174
45,2.1,0.186
45,2.1,0.17
45,2.1,0.171
45,2.15,0.188
45,2.2,0.183
45,2.2,0.183
45,2.1,0.18
45,2.2,0.193
45,2.2,0.185
45,2.1,0.176
45,2.2,0.172
45,2.2,0.2
45,2.2,0.189
45,2.15,0.173
45,2.3,0.214
45,2.3,0.208
45,2.4,0.225
45,2.3,0.216
45,2.2,0.177
45,1.8,0.154
45,2.1,0.17
45,2.4,0.266
45,2.45,0.252
45,2.3,0.218
45,2.1,0.171
45,2.1,0.187
45,2.2,0.194
45,2.4,0.249
45,2.3,0.237
45,2.2,0.189
45,2.1,0.179
45,2.2,0.183
45,2.2,0.186
45,2.2,0.195
45,2.1,0.178
45,2.1,0.182
45,2.25,0.201
45,2.3,0.21
45,2.3,0.193
45,2.2,0.196
45,2.2,0.195
45,2.2,0.19
45,2.2,0.18
45,2.1,0.169
45,1.7,0.134
45,2.2,0.179
45,2.1,0.171
45,2.2,0.197
45,2.2,0.193
45,2.25,0.196
45,2.2,0.191
45,2.2,0.2
45,2.3,0.239
45,2.2,0.25
45,2.3,0.234
45,2,0.143
45,2.1,0.179
45,2.2,0.17
45,2.2,0.183
45,2.2,0.194
45,2.15,0.197
45,2.1,0.184
45,2.3,0.199
45,2.2,0.193
45,2.1,0.189
45,2.2,0.212
45,2.5,0.241
45,1.95,0.162
45,2,0.165
45,2,0.161
45,2,0.158
45,2.2,0.214
45,2.3,0.202
45,2.3,0.213
45,2.2,0.202
45,2.3,0.207
45,2.3,0.225
45,2.15,0.165
45,2.2,0.178
45,2.2,0.188
45,2.2,0.208
45,2.2,0.196
45,2.2,0.192
45,2.2,0.208
45,2.2,0.207
45,2.2,0.21
45,2.3,0.202
45,2.1,0.193
45,2,0.16
45,2.1,0.18
45,2,0.172
45,2.1,0.162
45,2,0.151
45,2.3,0.24
45,2.2,0.193
45,2.15,0.189
45,2.1,0.173
45,2.15,0.197
45,2.1,0.203
45,2.3,0.228
45,2.2,0.192
45,2.15,0.208
45,2.2,0.196
45,2.1,0.181
45,2.25,0.213
45,2.2,0.19
45,2.15,0.173
45,2.2,0.193
45,2.2,0.198
45,2.3,0.199
45,2.3,0.202
45,2.1,0.193
45,2.2,0.204
45,2.3,0.232
45,2.3,0.231
45,2.1,0.16
45,2.1,0.168
45,2.2,0.17
45,2.2,0.164
45,2.3,0.2
45,2.2,0.195
45,2.2,0.168
775,6.1,4.724
1140,6.2,4.533
775,6,4.666
1140,6.1,5.011
775,6,4.886
410,5.1,2.855
410,5.2,2.706
410,5.1,2.8
410,5.1,2.492
410,5.8,2.462
410,4.8,2.214
410,5.5,3.099
410,5.2,2.539
1140,6.2,4.77
775,6,4.406
775,5.8,4.12
775,5.5,3.57
410,5.2,2.655
410,5.2,2.707
410,4.9,2.593
410,5.1,2.772
410,5,2.724
410,5,2.623
410,5,2.438
410,5,2.613
410,5.1,2.808
410,4.6,2.071
410,5.4,3.615
410,4.4,1.631
410,4.9,2.551
410,5.2,3.482
410,4.7,2.659
410,5,2.136
1505,5.6,4.291
775,5.8,4.427
410,4.9,2.219
410,4.9,2.655
410,5.2,2.911
775,5.7,3.735
410,5.1,2.373
1505,5.8,4.283
410,4.6,1.906
410,4.4,1.48
410,4.7,2.319
410,5.1,2.37
410,4.8,2.456
410,5.6,2.965
410,5.1,3.287
410,4.5,2.325
410,4.7,2.545
410,4.8,2.534
775,5.6,4.247
410,5.9,2.388
410,4.9,2.444
410,5.1,2.418
410,5.2,2.625
410,5.1,2.774
410,4.9,2.716
410,5,2.781
410,5.1,2.772
410,5.2,3.161
410,5,3.137
410,5,2.786
775,5.8,4.192
410,5.8,2.936
410,5.2,2.939
1505,6.2,4.403
1140,5.5,3.59
775,5.6,3.856
775,5.5,3.53
410,5,2.925
775,5.4,4.346
410,5,2.357
410,4.8,2.488
410,5.1,2.943
410,5.2,3.265
410,5.2,3.079
410,5.1,2.745
410,4.9,2.355
775,5.9,4.743
775,5.7,4.658
410,5,2.634
410,5.1,2.975
1870,6,5.168
775,5.8,4.704
410,4.5,2.296
1505,5.9,4.709
410,5.2,3.244
410,4.7,2.426
775,5.7,4.757
410,4.9,2.445
410,5,2.897
410,5.3,3.018
410,5.1,2.85
410,5.5,2.72
410,5.1,3.484
775,5.7,4.363
410,5,2.718
410,4.8,2.465
775,5.9,4.592
1870,5.8,4.214
410,5.6,2.93
410,5,3.011
775,5.9,4.2
410,5.3,3.484
410,4,1.385
410,5.2,2.942
410,5.3,3.413
410,5.2,3.122
410,5.2,2.902
410,5.3,2.994
775,5.5,4.43
775,5.6,4.255
775,5.7,4.414
775,5.8,4.116
1505,6.2,5.48
1505,5.8,4.628
775,5.2,3.53
1140,5.9,4.788
410,4.9,2.498
410,4.6,2.092
410,4.8,2.355
410,4.6,1.956
410,4.1,1.389
410,4.8,2.465
410,4.9,2.432
410,5.1,2.814
410,5,2.755
410,4.6,1.993
775,6,4.595
410,4.8,2.561
1140,5.5,4.44
410,4.9,2.712
410,5,2.865
410,4.9,2.657
410,5.2,2.914
775,5.8,4.183
410,5.2,2.976
775,5.5,3.35
410,5,2.799
775,5.6,4.33
410,5.1,3.371
410,4.6,2.422
1505,5.9,4.624
410,4.7,2.603
410,5.5,3.418
410,5.2,3.062
410,4.9,2.73
410,4.8,2.525
410,4.8,2.587
410,4.7,2.366
775,5.7,4.196
410,4.7,2.847
410,5,2.94
410,4.9,2.635
410,4.9,2.61
410,4.9,2.951
410,4.8,1.674
1505,5.6,4.05
775,5.8,4.593
775,5,2.821
410,4.9,2.486
410,4.9,2.382
775,5.4,4.662
1140,5.9,5.055
410,5.1,2.759
410,5.1,2.617
410,4.6,1.58
410,5,2.536
410,5,2.922
410,4.6,2.212
410,4.9,2.573
410,4.6,2.674
410,5,2.805
410,4.8,2.651
410,4.6,2.023
410,4.8,2.916
775,5.4,4.042
410,4.8,2.103
410,4.9,2.243
410,5.3,2.936
410,5.2,2.995
775,5.8,4.091
410,4.8,2.807
410,4.9,2.56
410,4.5,1.947
410,4.8,2.959
775,5.7,3.972
1140,6.8,4.992
775,6,4.108
410,5.2,3.067
1140,5.7,3.615
410,4.9,2.591
410,4.9,2.665
410,4.9,2.806
775,5.5,3.752
775,5.4,4.044
410,4.7,2.744
775,5.6,4.564
410,5.1,3.03
1505,5.9,4.824
775,5.7,4.547
1140,5.9,4.748
775,5.7,4.795
410,5.6,3.225
410,4.9,2.142
410,5,2.953
775,5.6,3.566
410,4.4,2.226
1140,5.7,5.101
1505,6.1,5.356
410,5.3,3.537
410,5.1,2.971
410,5,2.549
410,5.2,2.795
410,4.6,2.597
410,5,2.977
410,5.2,3.208
410,5.2,3.039
410,4.8,2.969
1140,5.7,4.194
1505,5.7,4.519
775,5.4,3.867
410,4.5,2.304
410,5.2,2.438
410,4.9,2.634
410,4.4,1.809
1140,5.6,4.295
410,4.4,2.146
410,4.9,2.576
1505,6.2,5.518
410,5.3,3.657
410,5.2,3.117
410,4.8,2.735
410,5.3,3.267
775,5.7,4.762
410,5.3,2.837
410,5,2.828
775,5.4,3.668
1140,5.7,4.915
775,5.6,4.96
410,4.8,2.407
775,5.8,2.928
410,5.2,3.175
410,5.1,2.923
775,5.6,4.069
775,5.7,4.395
410,5.2,2.937
410,4.8,2.655
775,5.9,4.814
410,5.1,2.808
410,5,3.039
775,5.6,4.842
410,5,2.577
410,5.2,3.603
410,5.1,3.121
410,5,3.046
410,5.6,2.303
410,5.3,2.581
410,4.8,2.684
410,4.6,2.428
410,4.7,2.616
410,4.8,3.024
410,4.7,2.732
775,5.4,4.312
775,5.5,4.329
410,5.1,2.816
410,5.1,3.415
410,5,2.944
775,5.5,4.178
410,4.7,2.569
410,4.9,2.97
410,4.8,2.705
410,5.3,3.707
410,4.9,2.645
410,4.6,2.506
410,5.1,3.279
410,5.1,2.886
775,5.6,3.038
1505,6,3.9
775,5.5,3.646
410,4.3,1.193
410,4.5,1.569
410,4.5,1.528
1505,6.1,4.731
775,6,3.776
410,5.1,2.581
410,5,2.222
410,5,2.466
410,5.4,3.055
410,5.3,3.121
775,5.6,3.654
775,5.8,4.1
410,5.3,2.78
410,5.1,2.805
410,4.9,2.083
410,5.1,2.285
410,4.8,2.197
410,4.3,1.442
410,4,1.136
410,4.5,1.686
410,4.3,1.514
410,4.4,1.664
410,4.2,1.43
410,4.2,1.508
410,4.1,1.251
410,4.4,1.757
775,5.4,3.533
1140,6,4.333
775,5.6,3.338
775,5.8,3.266
775,5.9,3.58
775,5.4,3.141
775,5.9,3.373
410,4.8,1.895
410,5,2.046
410,4.6,1.755
775,5.8,4.379
775,5.7,3.139
775,5.9,3.552
775,5.7,3.719
775,5.7,4.137
1140,5.8,4.463
410,5.2,2.616
410,5.1,2.11
410,4.9,2.088
410,5,2.166
410,4.6,1.882
410,5.1,2.054
775,5.4,3.082
775,5.4,3.751
410,4.9,2.113
775,5.7,3.326
775,5.5,3.234
410,4.4,1.566
410,4.6,1.743
410,4.9,1.937
410,4.5,1.825
410,4.8,1.944
410,4.4,1.648
410,5.1,2.412
410,4.7,1.88
410,4.9,2.262
410,4.3,1.404
410,4.5,1.511
410,3.9,1.051
410,4.2,1.176
775,5.8,4.457
1505,6.1,4.817
775,5.6,4.256
775,6,4.74
410,5.2,2.764
410,5.3,3.175
410,4.3,1.397
410,4.8,1.772
410,5.4,2.678
410,4.9,2.025
410,5.3,2.572
410,5.3,2.544
410,4.6,1.417
410,4.8,2.225
410,4.6,1.505
410,4.6,1.73
775,5.7,4.155
410,4.9,2.155
410,4.1,1.169
410,5,2.367
410,5.1,2.805
410,4.9,2.109
410,4.7,1.805
775,5.9,3.46
775,5.8,4.383
1140,6.3,4.417
775,5.9,3.908
775,5.6,3.902
410,5,2.296
775,5.9,3.988
410,5.1,2.402
410,5.2,2.35
410,5.1,2.449
410,5.3,2.893
775,5.7,4.437
1140,5.8,4.785
775,5.6,4.198
410,4.7,1.947
410,5,2.532
410,4.5,1.449
410,4.9,2.289
410,4.4,1.611
410,4.5,1.529
410,4.6,1.498
410,4.7,1.763
410,5.3,2.517
410,5,2.277
775,5.8,4.03
1505,6.4,5.023
775,5.8,4.017
775,6.2,4.348
410,5.1,2.271
410,4.3,1.389
410,5.2,2.358
410,5,2.074
410,5,2.327
775,6,4.682
1140,6.3,4.738
410,5.2,2.549
410,5,2.348
410,5.2,2.859
410,5,2.525
410,5.3,2.834
1140,5.9,4.269
775,5.6,3.729
1140,6.1,3.946
410,5.1,2.344
775,5.7,3.696
775,5.9,4.108
410,4.2,1.852
410,4.7,1.956
410,5.3,2.722
775,5.7,3.313
775,6.3,4.54
775,6.1,3.621
410,5,2.021
410,5.2,2.398
410,4.5,1.383
410,4.8,1.66
410,4.4,1.62
410,4.9,1.75
410,4.8,1.658
410,5,2.243
775,5.9,3.547
775,5.6,3.408
775,5.8,4.154
775,5.9,3.634
410,5.1,3.644
410,5.4,2.866
410,5,2.192
410,5,1.895
410,5.2,2.218
410,4.5,1.487
410,5,2.05
410,4.3,1.298
410,4.7,1.882
410,4.6,1.582
410,4.7,1.915
410,4.6,1.775
410,4.9,1.858
410,4.4,1.58
410,4.3,1.326
410,4.7,1.816
775,5.6,3.944
1505,6.1,4.701
410,5,2.401
410,5,2.126
410,5.1,2.728
410,4.9,2.197
410,4.8,1.873
410,4.7,1.977
1140,5.6,3.978
775,5.1,2.982
410,5.1,2.083
410,4.4,1.813
410,4.9,2.533
410,4.95,2.272
410,4.2,1.517
410,4.7,2.273
410,4.9,2.782
410,4.6,2.02
410,4.7,1.936
410,4.5,1.81
410,4,1.47
775,5.9,4.662
410,4.3,1.755
775,5.6,3.456
410,4.7,2.209
775,5.3,3.273
775,5.6,3.422
410,5.1,2.612
410,4.7,2.272
775,5.8,4.403
775,5.5,3.052
410,4.5,1.887
410,4.9,2.51
1505,6.1,4.337
410,4.5,1.939
410,5,2.415
410,4.9,2.271
410,4.3,1.601
1140,5.8,4.234
410,4.7,1.95
410,4.3,1.755
410,4.4,2.177
410,4.5,2.002
410,4.7,2.18
410,4.7,2.449
1505,5.5,4.247
410,4.7,2.298
410,4.3,1.574
410,5.5,2.436
775,5.9,4.596
775,5.6,3.712
775,5.9,3.848
775,5.6,3.262
775,5.7,3.123
775,5.7,3.614
775,5.5,3.72
775,5.7,3.76
775,5.4,2.884
775,5.6,3.39
775,5.6,3.489
775,5.5,3.449
775,5.5,2.884
775,5.6,3.499
775,5.5,3.481
410,5,2.121
410,4.6,1.539
410,4.4,1.46
410,4.7,2.276
775,5.5,3.396
410,4.3,1.614
775,5.4,3.679
410,4.9,2.736
410,4.1,1.439
775,5.5,3.585
410,4.6,2.093
410,4.7,2.392
410,4.3,1.519
775,5.6,3.839
410,4.4,1.767
410,4.5,2.049
410,4.8,2.552
410,4.9,2.62
410,5,2.518
410,4.6,2.306
410,4.5,2.257
410,4.5,2.046
410,5.1,2.638
410,4.9,2.574
410,4.2,1.688
1140,6,4.479
410,4.7,2.114
410,4,1.496
410,4.3,1.833
410,4.8,2.506
410,4.6,2.446
410,4.8,2.373
410,4.7,2.421
1140,5.6,4.042
775,5.5,3.291
775,5.4,3.31
1140,5.5,4.174
410,4.7,2.12
410,4.7,2.411
410,3.7,1.118
410,4.5,1.962
410,4.2,1.466
410,4.6,2.191
775,5.5,3.875
410,4.7,2.323
410,4.7,2.414
410,4.5,1.72
410,4.7,1.932
775,5.9,4.596
775,5.4,2.963
775,5.6,3.19
775,5.7,2.986
410,4.7,2.314
410,4.2,1.677
775,5.6,3.28
410,4.7,2.142
410,5.1,2.743
410,5.6,3.774
410,4.9,2.273
410,5,2.197
410,5,3.148
410,4.8,2.04
1140,6.1,4.725
775,5.8,4.475
1140,6.1,4.986
410,5.3,2.781
410,4.8,2.12
410,4.7,2.16
410,4.7,1.857
410,5.2,2.511
410,5,2.527
410,5,2.574
410,5,2.527
775,5.7,3.552
1140,6,4.702
775,5.7,3.693
1140,6,4.426
775,5.8,4.038
410,4.2,1.43
410,5.1,2.935
410,5.1,2.88
410,5,2.747
410,5.2,2.765
410,5.4,3.07
410,4.9,2.45
775,5.5,3.495
1140,5.7,4.318
775,5.5,3.576
775,5.5,3.89
410,5.3,2.686
410,5.2,2.468
410,4.7,2.416
410,4.9,1.943
410,5.1,2.803
410,4.8,2.008
410,5.5,3.168
410,4.7,2.23
410,5.1,3.175
410,5,2.48
410,4.8,2.448
1505,6.2,4.937
775,5.9,4.034
775,5.7,3.972
775,5.3,3.244
1140,5.8,4.187
410,5.1,2.554
410,4.9,2.292
410,5.2,2.782
410,4.9,2.41
410,4.8,2.185
410,4.9,2.465
410,5,2.359
775,5.8,3.478
775,5.7,4.088
775,5.8,4.137
775,5.5,3.857
1140,5.7,4.39
1140,6,4.402
775,6,3.714
775,5.7,3.746
410,5.4,3.162
410,4.8,2.13
410,4.8,2.226
775,5.6,3.535
1140,6.1,5.02
1140,6.1,4.909
775,5.9,4.673
410,5,2.351
1140,6,5.755
775,5.8,5.024
1505,6.1,5.054
775,5.8,4.843
410,4.2,1.491
1140,6.2,5.028
775,5.9,4.417
1140,6.1,4.919
1140,6.1,4.369
775,6,3.863
410,5.4,3.26
410,5,2.4
410,5.3,3.378
410,5.3,3.32
775,5.8,4.231
410,5.1,2.864
410,5.3,3.16
410,5,2.772
410,5,2.921
410,5.2,2.864
775,6,4.59
775,5.8,4.406
775,5.8,4
1140,6.4,4.975
410,5.1,2.334
410,4.8,2.534
410,4.8,2.008
410,5.2,2.6
775,5.7,3.73
775,6,4.217
775,5.7,4.222
775,5.8,4.451
775,5.7,4.204
410,5.2,2.384
410,5,2.909
410,5.2,3.194
775,5.6,3.909
1870,6.1,5.348
775,5.8,3.693
775,5.7,4.41
1140,5.7,3.994
1140,5.8,4.815
775,6,5.364
410,4.8,2.233
410,4.6,1.811
410,4.1,1.384
410,5,2.694
410,5,2.909
410,5.1,2.949
410,5,2.567
410,5.3,3.05
410,5.2,3.256
410,5.2,2.849
1870,6,4.944
1505,6,5.27
1140,5.8,3.904
775,5.8,4
1140,6,4.651
775,5.5,3.713
775,5.7,4.071
775,5.8,4.448
410,5.1,2.668
410,5.2,2.56
410,4.9,2.828
775,6,4.964
410,4.5,1.736
410,5.5,3.355
775,6.1,4.915
1140,5.5,4.077
775,5.6,3.938
775,5.8,4.549
410,5.2,3.012
410,5,2.583
410,5,2.66
410,5,2.992
410,5.1,2.479
410,4.9,2.5
410,5.2,2.846
1505,6.1,4.448
775,5.9,4.23
775,5.8,4.335
775,5.9,4.067
1140,5.9,3.611
410,5.2,3.16
410,4.8,2.265
410,5.3,3.029
410,5,2.2
410,5.2,2.813
410,5,2.869
1140,6,4.266
1140,6.1,4.344
1140,5.7,4.511
410,5.1,3.204
410,5.2,3.093
775,5.9,4.752
775,5.9,4.645
775,5.7,3.125
410,5.3,3.565
775,5.7,4.133
410,5,2.54
410,4.8,2.62
410,5,2.7
410,5.2,2.87
775,5.8,4.096
410,5.1,2.439
410,5.4,3.333
410,5,3.133
410,5,3.024
1140,5.9,4.912
775,5.5,3.532
775,5.9,4.313
410,5.3,3.07
410,5.3,3.009
410,5,2.415
410,5.3,3.136
410,5.5,3.408
775,5.9,4.365
1140,5.9,4.872
775,6.4,5.03
1140,6,4.644
410,4.7,2.526
410,5.2,2.414
410,5,2.75
410,5.2,2.85
410,5,2.517
410,5.2,2.848
410,4.7,2.08
410,4.7,2.54
410,5.3,3.318
410,4.8,2.42
410,5,2.543
775,5.4,3.214
775,5.5,3.607
775,5.8,4.163
410,5,2.592
775,5.1,3.452
1140,5.8,4.649
1140,5.7,4
775,5.4,3.568
775,5.4,3.502
1505,6.3,5.227
410,5.1,2.594
410,5,2.869
410,5.3,3.18
410,4.7,2.694
410,5.5,3.536
410,5.2,2.899
410,5.1,2.61
775,6.1,4.713
1140,6.2,5.179
775,5.7,4.54
1140,6,4.469
775,6,4.345
775,5.7,4.167
1140,6.2,4.645
775,5.2,3.245
775,5.5,4.011
1505,5.9,4.096
1870,5.7,4.303
775,5.5,3.462
775,5.3,3.323
1505,6,4.25
1140,5.7,3.558
775,5.4,3.521
775,5.5,3.393
1140,5.5,3.76
1140,5.8,4.253
1140,5.7,3.898
775,5.2,2.444
1870,6.2,4.197
775,5.3,3.065
1140,5.7,4.143
775,5.1,3.247
1140,5.7,3.78
775,5.5,3.02
775,5.4,3.192
775,5.6,3.963
1140,5.8,4.19
1140,6,4.625
775,5.4,3.243
1505,6.1,4.659
775,5.5,3.426
1140,5.9,3.655
775,5.6,3.493
1140,6.1,4.006
775,5.5,3.64
775,5.3,3.294
775,5.8,4.04
775,5,3.672
1140,6.4,4.638
1140,5.8,4.462
775,5.5,3.275
1140,5.8,3.757
775,5.3,2.971
775,5.2,2.848
775,5.5,3.364
775,5.8,3.753
1140,5.9,4.178
1505,6,4.269
775,5.4,3.344
775,5.5,3.312
1505,6.2,4.647
775,5.4,3.23
775,5,2.602
1140,6,4.27
410,4.7,2.307
410,4.8,2.271
775,6,4.588
775,5.6,4.861
410,5.4,3.352
775,5.7,3.956
775,5.6,3.705
410,4.7,2.253
410,4.9,2.057
410,4.9,2.381
410,4.7,2.22
410,5.2,3.042
410,5,2.331
410,5.2,2.488
410,5,2.352
410,5.2,2.835
410,4.4,1.603
410,4.9,2.425
410,5.3,3.061
410,5.3,2.423
410,4.9,2.549
410,5.4,2.75
410,5.3,3.148
410,4.9,2.505
410,5,2.049
410,4.9,2.363
1505,5.7,4.362
410,4.7,2.095
410,5.1,3.006
410,4.4,1.599
410,5.1,2.433
410,4.5,1.666
410,4.6,1.723
410,5,2.407
410,4.8,2.133
410,5.1,2.632
410,5.2,2.271
410,5,2.698
410,5,2.439
410,4.4,2.315
410,5.3,2.995
410,5.1,2.44
410,5.1,2.856
410,4.9,2.269
410,5.4,3.057
410,5.2,2.883
410,4.8,2.514
410,5.3,3.127
410,4.8,2.433
410,5.1,2.636
410,4.7,2.606
410,5,2.744
410,5.1,2.882
410,5.1,2.351
775,5.3,2.854
410,5,2.579
410,5.6,3.861
410,5.2,2.814
410,5.4,2.777
1140,6,4.098
410,5.5,3.093
410,5.1,2.72
410,5.1,2.487
410,4.8,2.149
410,5.1,2.76
410,4.7,2.103
410,5.2,2.704
410,5,2.319
410,5.3,2.934
410,5.4,3.291
410,5.3,3.012
410,5.5,3.42
410,5.2,2.873
410,5.5,3.02
410,4.5,1.705
410,5.2,2.656
410,5.3,2.769
410,5.3,3.111
410,5,2.654
410,5.3,2.708
410,5,2.736
410,5.2,2.572
410,5.1,2.49
410,5.1,2.919
410,5.1,2.794
775,5.8,4.011
410,5.2,2.48
410,5.1,2.479
410,5,2.216
775,5.7,4.069
775,6,5.934
410,4.8,2.264
45,2,0.168
45,2.1,0.159
45,2,0.172
45,1.8,0.155
45,1.9,0.168
45,1.9,0.177
45,1.8,0.16
45,1.9,0.173
45,2.1,0.133
45,2,0.196
45,1.9,0.174
45,2,0.183
45,2,0.194
45,2,0.2
45,1.2,0.143
45,1.9,0.167
45,2,0.18
45,2.1,0.211
45,2.1,0.183
45,2,0.219
45,2,0.219
45,2.1,0.218
45,2,0.201
45,2,0.197
45,2.1,0.207
45,2,0.194
45,2,0.206
45,2,0.185
45,2,0.185
45,2,0.196
45,2,0.188
45,2.1,0.13
45,2,0.19
45,2,0.177
45,2.1,0.18
45,2,0.185
45,2.1,0.189
45,2.1,0.177
45,2.1,0.214
45,2.1,0.22
45,2.1,0.207
45,2.1,0.219
45,2.1,0.214
45,2,0.195
45,2,0.197
45,2,0.181
45,2.1,0.196
45,2.1,0.201
45,2.1,0.302
45,2,0.205
45,2,0.195
45,2,0.2
45,2.1,0.194
45,2,0.215
45,2.1,0.217
45,2.1,0.228
45,2.1,0.21
45,2,0.19
45,2,0.194
45,2.1,0.182
45,2,0.189
45,2.1,0.221
45,2.1,0.219
45,2,0.202
45,2,0.198
45,2,0.197
45,2.1,0.177
45,2,0.203
45,2,0.178
45,2,0.215
45,2.1,0.21
45,2,0.21
45,2,0.205
45,2,0.196
45,2,0.182
45,1.8,0.171
45,2,0.178
45,1.9,0.179
45,1.9,0.166
45,2.1,0.205
45,2.1,0.213
45,2.1,0.191
45,2,0.183
45,2,0.234
45,2.1,0.224
45,2,0.216
45,2.1,0.229
45,2.1,0.189
45,2,0.21
45,2,0.231
45,2.1,0.194
45,2.1,0.208
45,2,0.219
45,2,0.206
45,2,0.197
45,2,0.174
45,2,0.204
45,1.9,0.182
45,1.9,0.186
45,1.9,0.164
45,1.9,0.182
45,2,0.185
45,2,0.184
45,2,0.189
45,2.1,0.173
45,1.9,0.162
45,2.1,0.176
45,2,0.167
45,2.1,0.166
45,2,0.168
45,2.1,0.172
45,2.1,0.173
45,2,0.164
45,1.9,0.163
45,1.9,0.17
45,1.9,0.164
45,2,0.17
45,1.9,0.159
45,2.2,0.218
45,2.2,0.205
45,2.1,0.22
45,2.1,0.215
45,2.1,0.22
45,2.2,0.237
45,2.2,0.22
45,2.1,0.22
45,2.1,0.236
45,2.2,0.228
45,2,0.192
45,1.9,0.159
45,1.9,0.158
45,1.9,0.164
45,2,0.193
45,1.7,0.173
45,2.1,0.209
45,2.2,0.252
45,2,0.188
45,1.6,0.094
45,2,0.198
45,2,0.194
45,2.2,0.187
45,2.1,0.189
45,2.1,0.19
45,2.1,0.216
45,2.1,0.229
45,2.1,0.206
45,2.1,0.222
45,2.1,0.207
45,2,0.216
45,2.1,0.211
45,2.1,0.211
45,2.1,0.238
45,1.9,0.143
45,2,0.192
45,2.1,0.2
45,2.1,0.23
45,2.1,0.218
45,2,0.221
45,2.1,0.209
45,2,0.207
45,2.1,0.228
45,2.1,0.216
45,2.1,0.195
45,2.1,0.186
45,2.1,0.183
45,2.1,0.197
45,2,0.198
45,2,0.183
45,2.1,0.178
45,2.1,0.207
45,2.1,0.209
45,2,0.199
45,1.9,0.191
45,2,0.183
45,2,0.184
45,2,0.193
45,2,0.18
45,1.9,0.199
45,2.1,0.226
45,2.1,0.231
45,2.1,0.2
45,2.1,0.211
45,2.1,0.222
45,2.2,0.231
45,2.1,0.239
45,2.2,0.252
45,2.1,0.203
45,2.2,0.226
45,2.1,0.227
45,2.1,0.232
45,2.2,0.224
45,2.1,0.208
45,2.1,0.214
45,2.1,0.207
45,2.1,0.228
45,2.1,0.221
45,1.9,0.2
45,2.1,0.209
45,2,0.2
45,2.1,0.206
45,2,0.199
45,2.1,0.208
45,2.1,0.209
45,2.2,0.218
45,2.1,0.213
45,2.1,0.199
45,2.1,0.197
45,2.1,0.207
45,2.2,0.219
45,2.1,0.184
45,2.1,0.189
45,2.1,0.208
45,2.1,0.199
45,2.1,0.196
45,2.1,0.194
45,2,0.19
45,2,0.197
45,2,0.185
45,1.9,0.154
45,1.9,0.164
45,2,0.171
45,1.9,0.172
45,2,0.177
45,2.1,0.229
45,2.1,0.245
45,2.1,0.21
45,2.1,0.242
45,2.2,0.248
45,2.1,0.22
45,2.1,0.214
45,2.1,0.202
45,2.1,0.203
45,2.1,0.209
45,2,0.17
45,2,0.174
45,2,0.181
45,2,0.175
45,2,0.17
45,1.8,0.136
45,1.7,0.104
45,1.7,0.122
45,1.7,0.116
45,1.5,0.105
45,1.9,0.179
45,2,0.176
45,2.1,0.179
45,1.9,0.163
45,1.9,0.18
45,1.9,0.165
45,2.2,0.238
45,2.2,0.225
45,2.1,0.221
45,2,0.208
45,2.2,0.23
45,2.1,0.211
45,2.1,0.22
45,2.1,0.206
45,2,0.196
45,1.9,0.177
45,2,0.183
45,2,0.19
45,1.9,0.176
45,2,0.174
45,2,0.18
45,2.1,0.183
45,2.1,0.208
45,2.1,0.185
45,2.1,0.186
45,2.1,0.18
45,2.1,0.202
45,2.1,0.211
45,2.2,0.213
45,2.1,0.167
45,2,0.15
45,1.9,0.164
45,2.1,0.18
45,1.9,0.168
45,2,0.179
45,2.1,0.205
45,2.1,0.243
45,2.1,0.219
45,2.2,0.231
45,2.1,0.204
45,1.9,0.145
45,2,0.164
45,2.2,0.204
45,2.2,0.217
45,2.1,0.192
45,2.1,0.206
45,2.1,0.201
45,2.2,0.216
45,2.1,0.177
45,2.2,0.233
45,2.3,0.253
45,2.2,0.243
45,2,0.15
45,1.9,0.15
45,2,0.153
45,2,0.156
45,2,0.154
45,2.1,0.211
45,2.1,0.213
45,2.1,0.217
45,2.1,0.228
45,2.1,0.216
45,2.1,0.209
45,2.1,0.197
45,2.1,0.198
45,2.1,0.216
45,2.1,0.213
45,2.1,0.191
45,2.2,0.209
45,1.9,0.172
45,1.9,0.136
45,2.1,0.211
45,2.1,0.207
45,2.2,0.237
45,2.1,0.194
45,2.1,0.22
45,2.2,0.211
45,2.2,0.225
45,1.9,0.156
45,1.9,0.163
45,2,0.17
45,1.9,0.159
45,2,0.161
45,1.9,0.155
45,1.9,0.161
45,1.9,0.184
45,2.1,0.178
45,2.1,0.182
45,2,0.176
45,2.1,0.196
45,2,0.175
45,2.1,0.192
45,2.1,0.191
45,2.1,0.184
45,2.1,0.207
45,2.1,0.197
45,2.1,0.198
45,2.1,0.205
45,2.2,0.228
45,2.1,0.18
45,2,0.193
45,2.1,0.179
45,2.1,0.187
45,2.1,0.187
45,2,0.202
45,2,0.192
45,2,0.207
45,2,0.173
45,2,0.181
45,2,0.201
45,1.9,0.14
45,2.2,0.222
45,2.1,0.248
45,2.1,0.22
45,2.1,0.226
45,2.2,0.226
45,2.2,0.227
45,2.1,0.206
45,2.1,0.201
45,2,0.177
45,2,0.183
45,2,0.192
45,2.1,0.21
45,2.2,0.201
45,2.1,0.213
45,2.1,0.198
45,2.1,0.212
45,2,0.203
45,2.1,0.203
45,2.1,0.213
45,2,0.209
45,2.1,0.202
45,2.1,0.207
45,2,0.202
45,2.1,0.176
45,2.1,0.179
45,1.9,0.157
45,2.1,0.17
45,1.9,0.139
45,1.9,0.174
45,2,0.18
45,2.1,0.177
45,1.9,0.165
45,1.9,0.165
45,1.8,0.138
45,2.1,0.217
45,2.1,0.215
45,2,0.196
45,2.1,0.215
45,2.1,0.225
45,2,0.207
45,1.9,0.155
45,2,0.161
45,1.9,0.169
45,2,0.17
45,2.1,0.18
45,2.1,0.228
45,2.1,0.228
45,2.1,0.226
45,2.2,0.241
45,2.1,0.206
45,2,0.202
45,2.1,0.212
45,2,0.204
45,2.1,0.201
45,2.1,0.198
45,2.1,0.198
45,2.1,0.208
45,2.1,0.204
45,2.1,0.197
45,2.1,0.205
45,2.1,0.201
45,2.1,0.209
45,2,0.191
45,2,0.151
45,2.1,0.201
45,2,0.194
45,1.9,0.188
45,1.9,0.194
45,2.1,0.201
45,2.1,0.18
45,2,0.182
45,2,0.163
45,1.8,0.161
45,1.9,0.165
45,2,0.175
45,2,0.198
45,2.1,0.197
45,2,0.189
45,2.1,0.226
45,2.1,0.214
45,2.2,0.23
45,2.1,0.209
45,2.1,0.207
45,2,0.19
45,1.9,0.169
45,2.1,0.204
45,2,0.187
45,2.1,0.184
45,2,0.184
45,2.1,0.191
45,2,0.177
45,2,0.191
45,2.1,0.166
45,2.1,0.18
45,2,0.196
45,2,0.197
45,2.1,0.192
45,2.1,0.212
45,2.1,0.184
45,2,0.187
45,2,0.179
45,2,0.198
45,2,0.188
45,2,0.184
45,2.1,0.207
45,2,0.175
45,2,0.165
45,1.9,0.155
45,2.1,0.158
45,2,0.173
45,2,0.185
45,2,0.176
45,1.9,0.169
45,2,0.164
45,2.1,0.207
45,2.1,0.199
45,2.1,0.205
45,2,0.189
45,2,0.19
45,2.1,0.181
45,2.1,0.186
45,2.1,0.175
45,2,0.159
45,2.1,0.146
45,1.9,0.15
45,1.9,0.159
45,1.9,0.135
45,2,0.171
45,1.9,0.155
45,1.9,0.163
45,2,0.187
45,2,0.189
45,2.1,0.194
45,2,0.186
45,2.1,0.193
45,2,0.168
45,2,0.161
45,1.9,0.167
45,2,0.17
45,2.1,0.168
45,2.1,0.183
45,2,0.179
45,1.9,0.16
45,2.2,0.236
45,2.1,0.211
45,2.1,0.227
45,1.7,0.123
45,2,0.188
45,2,0.178
45,2.1,0.192
45,2.1,0.196
45,2.1,0.187
45,2.1,0.185
45,2,0.178
45,2,0.17
45,2,0.18
45,1.9,0.182
45,2,0.211
45,2.2,0.202
45,2.1,0.194
45,2.1,0.19
45,2.1,0.2
45,2.1,0.201
45,2,0.199
45,2,0.175
45,2,0.192
45,1.9,0.197
45,1.9,0.175
45,2,0.175
45,2,0.187
45,2.1,0.2
45,2.1,0.229
45,2.2,0.212
45,2.1,0.205
45,2,0.177
45,2.1,0.193
45,2.1,0.212
45,2,0.191
45,2,0.187
45,2,0.165
45,2,0.155
45,2,0.171
45,2,0.182
45,2.1,0.203
45,2.2,0.185
45,2.1,0.205
45,2.1,0.205
45,2.1,0.215
45,2,0.177
45,2.1,0.179
45,2,0.175
45,2.1,0.187
45,2,0.176
45,2.1,0.225
45,2.2,0.225
45,2.1,0.224
45,2.1,0.249
45,2,0.185
45,2.1,0.188
45,2,0.183
45,2,0.17
45,2,0.179
45,2,0.167
45,2.1,0.177
45,1.9,0.179
45,2,0.174
45,2,0.197
45,2,0.184
45,2.1,0.189
45,2,0.198
45,2.1,0.19
45,2.1,0.203
45,2.1,0.198
45,2.1,0.2
45,2.1,0.223
45,2,0.19
45,2.1,0.206
45,2.1,0.21
45,2,0.194
45,2.1,0.195
45,2.2,0.222
45,2.1,0.216
45,2.1,0.215
45,2.1,0.212
45,2.1,0.235
45,2.1,0.216
45,2.1,0.189
45,2.1,0.192
45,2.1,0.21
45,2.1,0.206
45,2.1,0.209
45,2,0.203
45,2.1,0.197
45,2.1,0.202
45,2,0.172
45,2,0.168
45,2,0.178
45,2,0.171
45,2.1,0.213
45,2.1,0.22
45,2.2,0.226
45,2.1,0.221
45,2.2,0.241
45,2.1,0.214
45,2.2,0.221
45,2.2,0.242
45,2.2,0.222
45,2.1,0.172
45,2.1,0.214
45,2.1,0.195
45,2.1,0.188
45,2.2,0.192
45,2.1,0.198
45,2,0.186
45,2.1,0.177
45,2.1,0.18
45,2,0.183
45,2.2,0.205
45,2,0.205
45,2,0.153
45,1.9,0.162
45,2,0.162
45,2,0.148
45,1.8,0.139
45,2,0.151
45,1.8,0.123
45,1.9,0.129
45,1.9,0.179
45,2,0.154
45,2,0.157
45,2,0.164
45,2,0.166
45,2.1,0.213
45,2.1,0.221
45,2.1,0.227
45,2.1,0.221
45,2,0.185
45,2,0.189
45,2,0.179
45,2,0.178
45,2.1,0.191
45,2.1,0.206
45,2.1,0.212
45,2.1,0.206
45,2.1,0.198
45,2.1,0.207
45,2,0.194
45,2,0.181
45,2.1,0.176
45,2,0.2
45,2.1,0.17
45,2.2,0.187
45,2.1,0.159
45,2,0.155
45,2,0.176
45,2,0.152
45,1.9,0.151
45,2.1,0.153
45,2.1,0.174
45,2,0.155
45,2.1,0.162
45,2.3,0.205
45,2.2,0.205
45,2.2,0.205
45,2.1,0.201
45,2.1,0.209
45,2.1,0.206
45,2.1,0.196
45,2.1,0.201
45,2.1,0.2
45,2.1,0.221
45,2.1,0.225
45,2.2,0.221
45,2.1,0.222
45,2.1,0.195
45,2,0.182
45,2.1,0.198
45,2.1,0.181
45,2,0.176
45,2,0.185
45,1.9,0.172
45,1.9,0.149
45,2,0.202
45,1.8,0.162
45,2,0.166
45,2.1,0.199
45,2,0.167
45,1.9,0.168
45,2.1,0.174
45,1.9,0.167
45,2,0.164
45,1.9,0.159
45,1.9,0.16
45,2,0.186
45,2,0.189
45,2,0.186
45,2.1,0.183
45,2,0.177
45,1.9,0.159
45,2,0.19
45,1.9,0.182
45,1.9,0.153
45,1.8,0.124
45,1.9,0.149
45,1.8,0.132
45,1.8,0.142
45,1.9,0.15
45,1.7,0.139
45,1.9,0.142
45,1.8,0.104
45,1.8,0.118
45,2.1,0.204
45,2.2,0.195
45,2.1,0.197
45,2.1,0.194
45,2.2,0.187
45,2.1,0.189
45,2,0.187
45,1.9,0.175
45,2,0.182
45,1.9,0.167
45,2.2,0.228
45,2.1,0.227
45,2.1,0.233
45,2.1,0.187
45,2.1,0.201
45,1.8,0.146
45,1.8,0.149
45,2,0.168
45,2,0.156
45,2.1,0.207
45,2.1,0.209
45,2.1,0.205
45,1.8,0.176
45,2,0.174
45,2,0.178
45,2,0.184
45,2,0.175
45,2.1,0.182
45,2,0.183
45,2.1,0.21
45,2.2,0.201
45,2.2,0.212
45,2.1,0.195
45,2.1,0.229
45,2.1,0.22
45,2.1,0.185
45,1.9,0.134
45,1.8,0.104
45,1.8,0.124
45,1.9,0.129
45,1.9,0.126
45,2,0.17
45,2.1,0.164
45,2,0.176
45,2,0.196
45,2,0.199
45,2.1,0.192
45,2.1,0.193
45,2.2,0.192
45,1.9,0.183
45,2,0.187
45,2,0.197
45,2.1,0.199
45,2,0.188
45,2,0.197
45,2,0.195
45,2.1,0.217
45,2.1,0.213
45,2.1,0.198
45,2.1,0.215
45,2,0.22
45,1.9,0.134
45,1.8,0.143
45,2.1,0.2
45,1.9,0.171
45,2,0.208
45,2.1,0.206
45,2.2,0.214
45,1.9,0.153
45,2,0.176
45,2,0.198
45,2.2,0.217
45,2,0.164
45,2,0.199
45,2.1,0.198
45,2.1,0.201
45,2,0.195
45,2,0.18
45,2.1,0.219
45,2.1,0.225
45,2.1,0.22
45,2.1,0.217
45,1.9,0.179
45,2.1,0.179
45,2,0.184
45,2.1,0.182
45,2,0.179
45,2,0.169
45,2.2,0.235
45,2,0.209
45,2.1,0.215
45,2.1,0.204
45,2,0.196
45,2.1,0.207
45,2.2,0.247
45,2.2,0.245
45,2.1,0.239
45,2,0.193
45,2.1,0.198
45,2,0.217
45,2.1,0.205
45,2.1,0.211
45,2,0.212
45,2.1,0.21
45,2.1,0.197
45,2.1,0.204
45,2.1,0.195
45,2,0.199
45,2.1,0.189
45,2,0.189
45,2,0.193
45,2.2,0.253
45,1.9,0.187
45,2,0.184
45,2.1,0.194
45,2.1,0.178
45,2,0.183
45,2.1,0.194
45,2.2,0.197
45,2,0.191
45,2,0.182
45,2.1,0.21
45,2.1,0.19
45,2.1,0.225
45,2.1,0.218
45,2.2,0.215
45,2.1,0.19
45,2.2,0.203
45,2,0.199
45,1.9,0.195
45,2.1,0.207
45,2.1,0.2
45,1.9,0.162
45,2.1,0.185
45,2,0.192
45,2.1,0.17
45,2.1,0.196
45,2.1,0.199
45,2.1,0.199
45,2.1,0.21
45,2.1,0.208
45,2.1,0.199
45,2.1,0.207
45,2.1,0.196
45,2.2,0.207
45,1.9,0.189
45,2.1,0.208
45,2.1,0.207
45,2,0.21
45,2,0.207
45,2.1,0.215
45,2.2,0.227
45,2,0.19
45,2,0.221
45,2.1,0.2
45,2,0.203
45,2.1,0.199
45,2.1,0.232
45,2.1,0.215
45,2.1,0.221
45,2,0.198
45,2,0.154
45,1.9,0.176
45,2,0.186
45,1.9,0.181
45,2,0.189
45,1.9,0.161
45,2,0.176
45,2.1,0.215
45,2.1,0.199
45,2.1,0.2
45,2.1,0.226
45,2.1,0.227
45,2.1,0.202
45,2.1,0.201
45,2.1,0.204
45,2,0.204
45,2,0.202
45,2.1,0.216
45,1.9,0.169
45,2,0.171
45,2,0.185
45,2.1,0.168
45,1.9,0.15
45,1.9,0.153
45,1.9,0.143
45,2,0.189
45,1.9,0.165
45,2.2,0.183
45,2,0.195
45,2,0.171
45,2.1,0.171
45,2,0.174
45,2,0.17
45,2.1,0.173
45,1.9,0.147
45,2.1,0.203
45,2,0.202
45,1.9,0.149
45,2,0.15
45,1.9,0.142
45,1.9,0.155
45,2.2,0.231
45,2.1,0.2
45,2.1,0.229
45,2,0.173
45,2,0.162
45,1.9,0.156
45,1.9,0.163
45,2,0.162
45,2.1,0.179
45,1.9,0.203
45,2.1,0.206
45,1.9,0.188
45,2,0.185
45,2,0.179
45,2,0.183
45,2,0.17
45,2,0.185
45,1.8,0.144
45,1.9,0.157
45,2,0.163
45,2.1,0.149
45,1.9,0.146
45,1.9,0.167
45,1.9,0.159
45,2.1,0.231
45,2.2,0.243
45,2.1,0.238
45,2.1,0.207
45,2,0.191
45,2.1,0.189
45,2,0.197
45,2,0.184
45,2,0.196
45,1.9,0.182
45,2,0.184
45,2.1,0.185
45,2,0.187
45,1.6,0.109
45,1.9,0.156
45,2.1,0.172
45,1.8,0.127
45,1.9,0.136
45,1.9,0.126
45,2,0.15
45,1.9,0.158
45,1.9,0.153
45,2,0.164
45,1.9,0.182
45,1.9,0.197
45,2.3,0.199
45,2,0.204
45,2.1,0.217
45,2.1,0.172
45,2,0.165
45,2,0.173
45,2,0.167
45,2,0.199
45,2.1,0.178
45,2,0.169
45,2,0.174
45,2,0.173
45,2,0.182
45,2,0.228
45,2,0.194
45,2.2,0.202
45,1.9,0.164
45,2,0.17
45,1.9,0.158
45,1.9,0.159
45,2,0.158
45,1.9,0.138
45,2,0.155
45,1.9,0.143
45,2.2,0.219
45,2.1,0.225
45,2.1,0.205
45,2.1,0.156
45,1.9,0.162
45,2.1,0.176
45,2,0.175
45,2,0.171
45,2,0.194
45,2.1,0.229
45,2.2,0.225
45,2.2,0.229
45,2.1,0.198
45,2.2,0.159
45,2.2,0.191
45,2.2,0.199
45,2.2,0.197
45,2.1,0.197
45,2.1,0.17
45,2.1,0.19
45,2.2,0.203
45,2.2,0.208
45,2.2,0.215
45,2.25,0.22
45,2.2,0.21
45,2.3,0.21
45,2.2,0.207
45,2.2,0.22
45,2.1,0.172
45,2.1,0.185
45,2.1,0.162
45,2.1,0.176
45,2.1,0.174
45,2.1,0.176
45,2.1,0.16
45,2.15,0.184
45,2.2,0.181
45,2.2,0.194
45,2.1,0.18
45,2.2,0.199
45,2.15,0.203
45,2.15,0.214
45,2.2,0.217
45,2.1,0.223
45,2.1,0.201
45,2.15,0.213
45,2.1,0.189
45,2.1,0.193
45,2.1,0.204
45,2.2,0.21
45,2.1,0.212
45,2.2,0.206
45,2.1,0.199
45,2.05,0.203
45,2.1,0.195
45,2.2,0.321
45,2.2,0.203
45,2.3,0.241
45,2.3,0.236
45,2.2,0.206
45,2.1,0.184
45,2.2,0.227
45,2.1,0.196
45,2.1,0.183
45,2.1,0.197
45,2.1,0.197
45,2.1,0.176
45,2.2,0.191
45,2.1,0.205
45,2.1,0.199
45,2.15,0.217
45,2.1,0.204
45,2.1,0.184
45,2.1,0.175
45,2,0.176
45,2.2,0.182
45,2.1,0.204
45,2.1,0.198
45,2.1,0.195
45,2.1,0.193
45,1.9,0.184
45,2,0.174
45,2,0.166
45,2.1,0.175
45,2.1,0.189
45,2.1,0.178
45,2.1,0.178
45,2.1,0.177
45,2.1,0.187
45,2.1,0.191
45,2.1,0.2
45,2.2,0.196
45,2.1,0.168
45,2,0.172
45,2.2,0.213
45,2.1,0.188
45,2.2,0.172
45,2.1,0.177
45,2.2,0.22
45,2.1,0.211
45,2.1,0.193
45,2.2,0.214
45,2.2,0.176
45,2.1,0.174
45,2.2,0.179
45,2.2,0.202
45,2.1,0.188
45,2.2,0.191
45,2.25,0.205
45,2.2,0.194
45,2.2,0.235
45,2,0.166
45,2,0.181
45,2,0.165
45,2.1,0.182
45,2.1,0.183
45,2.1,0.212
45,2.1,0.206
45,2.2,0.217
45,2.1,0.215
45,2.1,0.209
45,2.2,0.206
45,2.2,0.204
45,2.05,0.202
45,2.1,0.185
45,2.1,0.187
45,2.15,0.199
45,2,0.183
45,2,0.175
45,2.1,0.196
45,2.1,0.204
45,2.2,0.219
45,2.2,0.22
45,2.1,0.202
45,2.1,0.16
45,2,0.158
45,2.1,0.186
45,2.2,0.19
45,2.1,0.191
45,2.1,0.153
45,2,0.179
45,2,0.182
45,2,0.183
45,1.9,0.147
45,2.2,0.201
45,2.2,0.203
45,2.15,0.217
45,2.2,0.215
45,2.1,0.202
45,2.1,0.205
45,2.25,0.213
45,2.15,0.2
45,2.2,0.183
45,2.2,0.22
45,2.25,0.204
45,2.2,0.203
45,2.2,0.198
45,2.1,0.185
45,2.1,0.185
45,2.2,0.187
45,2.1,0.207
45,2.3,0.232
45,2.35,0.215
45,2.25,0.226
45,2.2,0.201
45,2.2,0.2
45,2.2,0.214
45,2.1,0.176
45,2.1,0.16
45,2.2,0.181
45,2.2,0.223
45,2.2,0.21
45,2,0.175
45,2.1,0.213
45,2.3,0.23
45,2.3,0.224
45,2.2,0.198
45,1.9,0.166
45,2.1,0.188
45,2.1,0.206
45,2.2,0.202
45,2.3,0.223
45,2.2,0.219
45,2.2,0.198
45,2.2,0.195
45,2.1,0.19
45,2.2,0.208
45,2.2,0.194
45,2.1,0.149
45,2.2,0.197
45,2.2,0.199
45,2.2,0.217
45,2.3,0.214
45,2.2,0.217
45,2.3,0.221
45,2.2,0.188
45,2.1,0.218
45,2.1,0.196
45,1.9,0.178
45,2.1,0.208
45,2.1,0.198
45,2.2,0.204
45,2.1,0.212
45,2.1,0.197
45,2.1,0.202
45,2.2,0.227
45,2.1,0.203
45,2.1,0.199
45,2.1,0.169
45,2,0.168
45,2,0.157
45,1.9,0.166
45,1.8,0.141
45,2,0.176
45,2.25,0.233
45,2.2,0.23
45,2.1,0.175
45,2.1,0.177
45,2.2,0.17
45,2.2,0.201
45,2.1,0.198
45,2.2,0.21
45,2.1,0.185
45,2.2,0.186
45,2,0.188
45,2.1,0.189
45,2.1,0.2
45,2.1,0.198
45,2.1,0.179
45,2.2,0.218
45,2.1,0.219
45,2.1,0.182
45,2,0.189
45,2.1,0.184
45,2.2,0.18
45,2.2,0.217
45,2.25,0.234
45,2.2,0.192
45,2.2,0.188
45,2.1,0.19
45,2.3,0.229
45,2.3,0.227
45,2.2,0.205
45,2.2,0.198
45,2.1,0.214
45,2.1,0.216
45,2.2,0.223
45,2.2,0.203
45,2.15,0.199
45,2.2,0.218
45,2.2,0.205
45,2.1,0.161
45,2,0.162
45,2,0.158
45,2,0.159
45,2,0.189
45,2.1,0.178
45,2.2,0.196
45,2.1,0.204
45,2.1,0.202
45,2.1,0.207
45,2.1,0.201
45,2.1,0.218
45,2.3,0.208
45,2.2,0.209
45,2.2,0.245
45,2.1,0.2
45,2.1,0.2
45,2.1,0.183
45,1.9,0.193
45,2.2,0.188
45,2.1,0.196
45,2.2,0.208
45,2.3,0.209
45,2.3,0.222
45,2,0.212
45,2.3,0.186
45,2.3,0.218
45,2.2,0.257
45,2.2,0.201
45,2.25,0.225
45,2.1,0.185
45,2.2,0.197
45,2.3,0.187
45,2.1,0.187
45,1.9,0.176
45,2,0.186
45,2.1,0.188
45,1.9,0.143
45,2.1,0.2
45,2.2,0.213
45,2.3,0.215
45,2.2,0.204
45,2.1,0.222
45,2.2,0.206
45,2.1,0.205
45,2.2,0.247
45,2.1,0.21
45,2.2,0.212
45,2.15,0.209
45,2.1,0.217
45,2.1,0.202
45,2.2,0.198
45,2.25,0.217
45,2.1,0.163
45,1.95,0.167
45,2,0.168
45,2.1,0.172
45,2.2,0.16
45,2.2,0.211
45,2.3,0.207
45,2.1,0.186
45,2.1,0.176
45,2,0.167
45,2.1,0.175
45,2.2,0.195
45,2,0.177
45,2.05,0.17
45,2,0.18
45,2.1,0.168
45,2.2,0.179
45,2.15,0.178
45,2,0.168
45,2,0.172
45,2.2,0.217
45,2.2,0.197
45,2.1,0.206
45,2.1,0.212
45,2.1,0.176
45,2.1,0.209
45,1.6,0.129
45,2,0.162
45,1.8,0.116
45,2.05,0.166
45,2.1,0.161
45,2,0.16
45,2.1,0.163
45,2.1,0.167
45,2.1,0.185
45,2.2,0.2
45,2.1,0.187
45,2.2,0.196
45,2.2,0.26
45,2.3,0.251
45,2.15,0.254
45,2.3,0.273
45,2.15,0.218
45,2.2,0.207
45,2.15,0.201
45,2.2,0.196
45,2.2,0.192
45,2.2,0.206
45,2.1,0.171
45,2.1,0.187
45,2.2,0.23
45,2.1,0.235
45,2.2,0.236
45,2.2,0.232
45,2.25,0.239
45,2,0.208
45,2.1,0.197
45,2,0.2
45,2.1,0.196
45,2.1,0.206
45,2.1,0.194
45,2,0.185
45,2.1,0.194
45,2.05,0.172
45,2.1,0.185
45,2.1,0.194
45,2.1,0.191
45,2.1,0.197
45,2.1,0.2
45,2.2,0.19
45,2.1,0.189
45,2.1,0.19
45,2.1,0.182
45,2.1,0.184
45,2,0.175
45,2,0.186
45,2.05,0.198
45,1.9,0.172
45,2.15,0.199
45,2.25,0.212
45,2.1,0.202
45,2.2,0.211
45,2.1,0.196
45,2.1,0.191
45,2.1,0.192
45,2.1,0.169
45,2.1,0.21
45,2.2,0.183
45,2.15,0.183
45,2.1,0.192
45,2.1,0.195
45,2.1,0.188
45,2.25,0.22
45,2.3,0.232
45,2.2,0.236
45,2.3,0.252
45,2.2,0.236
45,2.25,0.22
45,2,0.136
45,2,0.178
45,2,0.183
45,2.2,0.175
45,2.1,0.176
45,2.1,0.179
45,1.9,0.162
45,2.25,0.207
45,2.1,0.217
45,2.05,0.188
45,2.1,0.201
45,2.1,0.19
45,2.1,0.186
45,2.1,0.203
45,2,0.19
45,2.2,0.196
45,2.1,0.176
45,2.3,0.189
45,2.25,0.205
45,2.3,0.208
45,2.1,0.194
45,2.1,0.181
45,2.15,0.178
45,2.1,0.18
45,2,0.17
45,2.2,0.185
45,2.25,0.201
45,2.2,0.189
45,2.1,0.193
45,2.1,0.194
45,2,0.182
45,2.2,0.223
45,2,0.164
45,2,0.159
45,1.95,0.16
45,2,0.159
45,2,0.153
45,2.3,0.217
45,2.3,0.219
45,2.15,0.216
45,2.1,0.193
45,2.2,0.2
45,2.2,0.203
45,2.2,0.214
45,2.15,0.191
45,2.2,0.235
45,2.2,0.224
45,2.3,0.229
45,2.2,0.214
45,2.1,0.184
45,2.1,0.202
45,2.1,0.187
45,2.1,0.18
45,2.1,0.193
45,2.1,0.205
45,2.1,0.21
45,2.2,0.2
45,2.2,0.209
45,2.1,0.201
45,2.3,0.203
45,2.2,0.203
45,2.1,0.176
45,2.05,0.167
45,1.9,0.144
45,2.2,0.216
45,2.2,0.225
45,2.05,0.189
45,2.2,0.221
45,2,0.16
45,2.2,0.211
45,2.15,0.218
45,2.2,0.189
45,2.1,0.208
45,2.2,0.196
45,2.2,0.196
45,1.9,0.159
45,2,0.167
45,1.8,0.147
45,2.2,0.217
45,2.2,0.21
45,2.3,0.208
45,2.2,0.216
45,2.2,0.214
45,2.1,0.18
45,2.3,0.21
45,2.1,0.203
45,2.1,0.194
45,2.3,0.231
45,2.2,0.222
45,2.2,0.226
45,2,0.161
45,2.1,0.168
45,2,0.164
45,2.25,0.247
45,2.2,0.209
45,2.1,0.188
45,2.2,0.187
45,2.3,0.204
45,2.35,0.207
45,2.1,0.172
45,2.1,0.169
45,2.2,0.175
